update,action_saturation,approx_kl,c_frac_env,clip_frac,entropy,explained_variance,grad_norm,l_env,policy_loss,returned_episode_returns,step_reward,total_loss,value_loss
0,0.32729375,0.008332817,0.50125664,0.08597813,1.3848227,0.008249044,0.5617416,0.0,-0.0133275315,-0.9676568,-0.96765685,29.616068,59.25879
1,0.29998332,0.0072654756,0.54572654,0.07106875,1.3186345,0.009721994,0.49978337,0.0,-0.011578396,-193.42754,-0.86382294,24.067612,48.158386
2,0.27873334,0.0056063803,0.5800267,0.05261354,1.252357,0.016129673,0.44409552,0.0,-0.00944186,-172.6731,-0.77234226,20.311752,40.642387
3,0.2603375,0.004581554,0.6015787,0.04171302,1.1858242,0.025856137,0.41209927,0.0,-0.007800889,-154.38243,-0.6863147,17.336601,34.688805
4,0.24693541,0.0038044015,0.6318163,0.033010937,1.1222596,0.045764327,0.40005133,0.0,-0.0062169065,-137.15697,-0.5803363,13.57076,27.153952
5,0.24395625,0.0032221002,0.663572,0.025840625,1.0658709,0.06980622,0.63673747,0.0,-0.0047705825,-115.94027,-0.45334128,10.271515,20.55257
6,0.25509793,0.002489629,0.7078469,0.017053645,1.0182357,0.0925771,1.2657039,0.0,-0.0032383623,-90.54029,-0.3253762,7.9509983,15.908474
7,0.25526875,0.0017384579,0.7276731,0.009545313,0.97711086,0.091041565,1.7165444,0.0,-0.0021513528,-65.058395,-0.30853087,8.874619,17.75354
8,0.25001043,0.0012496958,0.7314262,0.005808854,0.94146407,0.106547296,1.7967244,0.0,-0.0015839429,-61.672264,-0.2746207,8.463362,16.92989
9,0.24880417,0.0012851218,0.742796,0.007154688,0.90512633,0.12376088,1.577362,0.0,-0.0017860269,-54.89417,-0.24464682,7.283405,14.570381
10,0.25740835,0.0010181533,0.7578642,0.0050083334,0.8680092,0.14023024,1.4308757,0.0,-0.0012335626,-48.87003,-0.18531437,7.2866955,14.575857
11,0.25285208,0.002007299,0.759978,0.013351042,0.82573354,0.1552425,0.553104,0.0,-0.0015279377,-37.012295,-0.13473475,6.7441664,13.491388
12,0.22028126,0.0018950468,0.7430827,0.012226563,0.7783492,0.19090652,0.8186027,0.0,-0.0015294333,-26.962627,-0.15041563,5.894291,11.791641
13,0.19244376,0.002522947,0.72715616,0.01790625,0.7304065,0.22914612,0.8435187,0.0,-0.0018610512,-30.097012,-0.16430084,4.9987335,10.001188
14,0.1827625,0.002547992,0.71874595,0.019105729,0.67906284,0.25598133,0.49204206,0.0,-0.0017680886,-32.768105,-0.072235025,5.201218,10.405972
15,0.15146667,0.0026257194,0.69915754,0.020590626,0.62796175,0.29617012,0.5011558,0.0,-0.0018516306,-14.442335,-0.06756641,4.6267076,9.257118
16,0.1238,0.003920606,0.6860029,0.033566147,0.5766449,0.3416325,0.5424681,0.0,-0.0024942048,-13.545385,-0.09966838,3.8140693,7.633127
17,0.08571875,0.0051139393,0.6430343,0.047552608,0.5227659,0.4016518,0.541103,0.0,-0.003144714,-19.933575,-0.09956854,3.4499474,6.906184
18,0.062625,0.0049038837,0.6012158,0.04406823,0.4663957,0.468194,0.5273838,0.0,-0.0033652955,-19.853788,-0.03964718,3.1134918,6.233714
19,0.043614585,0.0035199933,0.55962694,0.028031249,0.42086017,0.5182898,1.8480229,0.0,-0.002902919,-7.8636293,0.02615886,2.7915645,5.5889354
20,0.03269167,0.0038442358,0.5394955,0.034178644,0.37793726,0.53140914,2.002217,0.0,-0.0034672308,5.2600875,0.054475334,2.507668,5.022271
21,0.024997916,0.0037144176,0.5310105,0.031594794,0.33780056,0.52480847,2.6996017,0.0,-0.0027924739,10.933273,0.09268285,2.5000806,5.005746
22,0.020445833,0.0026337565,0.5057465,0.020589061,0.29775205,0.540269,2.9547641,0.0,-0.0025923667,18.592068,0.14817928,2.6014762,5.2081366
23,0.0144437505,0.0022875322,0.4905205,0.015619792,0.25402376,0.54035974,3.446331,0.0,-0.0022828686,29.664604,0.17692907,2.3748214,4.7542086
24,0.010404167,0.003214029,0.47443482,0.024198437,0.21103624,0.5554664,3.1224902,0.0,-0.0029191507,35.378063,0.16917424,2.1044,4.214638
25,0.010629167,0.002980035,0.43841806,0.023510415,0.16026857,0.5846411,2.8980527,0.0,-0.0033331658,33.87417,0.20849407,2.0187979,4.044262
26,0.0093,0.003405671,0.41238332,0.030527083,0.10420968,0.60589534,3.1507235,0.0,-0.0039518527,41.7201,0.229785,1.7885455,3.5849948
27,0.0074125,0.0057484126,0.38497856,0.05280729,0.041566983,0.6748963,2.692179,0.0,-0.006485666,45.979248,0.25203314,1.3598582,2.7326875
28,0.0069875,0.0053470433,0.36741576,0.05113177,-0.022482708,0.67432135,3.1097522,0.0,-0.005098685,50.446243,0.29164776,1.4781313,2.96646
29,0.0075895833,0.0038311493,0.35323143,0.032727607,-0.07989693,0.6655806,3.391152,0.0,-0.0035157516,58.369003,0.33110255,1.6862886,3.3796086
30,0.005185417,0.0041798223,0.34537926,0.03846302,-0.13464549,0.6812356,3.6270828,0.0,-0.0042629233,66.2493,0.3598963,1.61043,3.2293859
31,0.00453125,0.003747458,0.33178654,0.034254685,-0.19137216,0.6729738,3.8658915,0.0,-0.0038048844,72.00221,0.3828564,1.6421273,3.2918646
32,0.0039083334,0.003848064,0.3240428,0.035783853,-0.24167153,0.67004013,4.0690155,0.0,-0.0031929752,76.5913,0.40287527,1.6831377,3.3726616
33,0.0041875,0.0031809616,0.30739102,0.027946353,-0.29174513,0.66948617,4.047969,0.0,-0.002464542,80.61736,0.44518507,1.8080971,3.6211233
34,0.00223125,0.004272451,0.31775984,0.042347394,-0.33449054,0.66707706,4.0797224,0.0,-0.0029434268,89.020035,0.42821193,1.6160321,3.2379508
35,0.0018875,0.0040902914,0.30779552,0.04005,-0.37600738,0.66496766,3.718033,0.0,-0.0025181733,85.67063,0.45645776,1.681222,3.36748
36,0.0017125,0.0035667866,0.30032587,0.034880206,-0.4156952,0.6569489,4.4491324,0.0,-0.0016578162,91.30089,0.4657893,1.6346662,3.2726479
37,0.0013395833,0.003479375,0.29254532,0.031979166,-0.4551347,0.6459405,4.0460043,0.0,-0.0017598344,93.18642,0.49435064,1.6883543,3.3802285
38,0.0011729167,0.0030518696,0.29092917,0.024553645,-0.49210882,0.64871895,4.3357053,0.0,-0.0017566319,98.883385,0.5076009,1.7182069,3.439927
39,0.00078125,0.0031888604,0.2856991,0.030683853,-0.53023666,0.6382391,3.7670038,0.0,-0.0013511734,101.5242,0.511615,1.6418359,3.286374
40,0.00090833334,0.0020318776,0.27466846,0.014748437,-0.5671871,0.6316397,4.933069,0.0,-0.0012386935,102.34874,0.53735155,1.6733419,3.3491611
41,0.0007458333,0.0019557644,0.26418594,0.014692709,-0.60535604,0.61776555,4.7540455,0.0,-0.0009955738,107.49674,0.5637738,1.671747,3.3454852
42,0.00047708335,0.0027607917,0.262163,0.023365626,-0.64334255,0.6070638,4.801737,0.0,-0.00085283397,112.75795,0.56695545,1.6201937,3.242093
43,0.00031041668,0.0028350146,0.26775718,0.022845313,-0.674206,0.6200062,4.9022474,0.0,-0.0010446047,113.383446,0.559312,1.5284319,3.0589528
44,0.00043958332,0.0024983573,0.2555776,0.021071356,-0.70694447,0.6142738,4.6571665,0.0,-0.0006174595,111.88969,0.58658224,1.5498703,3.1009755
45,0.00035416667,0.003195242,0.2470547,0.02956771,-0.74133945,0.60214245,4.875082,0.0,-0.00027050223,117.33144,0.6015809,1.5339563,3.0684536
46,0.00026666667,0.0022403253,0.24890625,0.017894272,-0.7723493,0.60204846,4.622164,0.0,-0.00045336902,120.31802,0.6034232,1.473468,2.9478426
47,0.00024583333,0.0022907378,0.24011217,0.018321875,-0.80391407,0.59194434,5.081986,0.0,-0.00029585604,120.70814,0.62692595,1.4984554,2.9975026
48,0.00019166667,0.0030799345,0.24013244,0.028258853,-0.8338554,0.59279734,4.916973,0.0,-4.851019e-06,125.382,0.62373596,1.4302363,2.8604825
49,0.00018958334,0.0027983994,0.23862486,0.025216147,-0.8631884,0.6006182,4.255186,0.0,-0.0001276609,124.75945,0.63599986,1.4261507,2.8525567
50,0.00013541667,0.0021221659,0.23637067,0.0155463535,-0.8946049,0.5854692,4.823145,0.0,-0.00038216345,127.20403,0.6400664,1.3565645,2.7138934
51,7.2916664e-05,0.0020410581,0.23949395,0.0133875,-0.9199965,0.5911013,4.68157,0.0,-0.00032163772,128.00156,0.62834585,1.2865719,2.573787
52,4.3750002e-05,0.0031083028,0.24120007,0.030405208,-0.9453199,0.59581274,4.6558266,0.0,-1.1223801e-05,125.67341,0.6325889,1.2493179,2.4986582
53,1.0416667e-05,0.003609442,0.25756136,0.035402603,-0.96921027,0.62103134,3.4533572,0.0,-0.00026193855,126.48108,0.5958808,1.151479,2.303482
54,1.2500001e-05,0.0036378708,0.25009844,0.03744792,-0.9917889,0.60649925,3.3552117,0.0,-6.4474298e-06,119.19213,0.61185586,1.1494105,2.2988338
55,1.0416667e-05,0.0037777098,0.24010587,0.038785942,-1.019795,0.6139908,2.8204455,0.0,-1.3428897e-05,122.39823,0.63891613,1.1544739,2.3089747
56,2.5000001e-05,0.0039965045,0.23607309,0.042319797,-1.0460527,0.6136713,3.0698705,0.0,0.00026470757,127.7892,0.6448863,1.1571076,2.313686
57,6.2500003e-06,0.0029401793,0.23483609,0.026597917,-1.0656775,0.6164045,3.0746803,0.0,-0.00014787214,128.98523,0.6528496,1.1425202,2.2853363
58,2.2916667e-05,0.003561562,0.2243088,0.035595834,-1.0941823,0.5952987,2.6063054,0.0,0.00022015578,130.59128,0.6742016,1.1358697,2.2712991
59,1.0416667e-05,0.0032279966,0.22172089,0.029302604,-1.123203,0.59722215,2.3668232,0.0,0.000112472364,134.85205,0.68592143,1.1569657,2.3137064
60,4.1666667e-06,0.002833097,0.22954512,0.025271874,-1.1456367,0.62740374,2.7847228,0.0,-9.636634e-05,137.17094,0.6725821,1.1193238,2.23884
61,0.0,0.0028165895,0.2265655,0.024557292,-1.167289,0.638988,2.0193162,0.0,-0.00022123498,134.51793,0.6740996,1.1033698,2.207182
62,2.0833334e-06,0.0023882445,0.2176268,0.02109896,-1.1865468,0.594324,2.2395077,0.0,0.00013431103,134.83228,0.6864587,1.1284114,2.2565541
63,6.2500003e-06,0.0031206962,0.21697955,0.029708855,-1.2095474,0.60269815,2.5386539,0.0,1.24932485e-05,137.29482,0.6895368,1.116287,2.2325487
64,0.0,0.0035537218,0.20374446,0.036632292,-1.2328792,0.5586057,2.8426251,0.0,0.0005464589,137.93083,0.71300334,1.1644838,2.3278747
65,0.0,0.003465273,0.20754515,0.035376564,-1.2544756,0.5800765,2.958109,0.0,0.00035627733,142.59354,0.705861,1.1058425,2.2109723
66,0.0,0.003369817,0.20967008,0.034379687,-1.2777133,0.58343065,3.1809835,0.0,0.00014637926,141.17342,0.70708084,1.0627092,2.1251256
67,0.0,0.0035751443,0.21190983,0.03569323,-1.2968433,0.59089124,3.156092,0.0,1.4588295e-08,141.40509,0.6959999,1.0818168,2.1636336
68,0.0,0.0036458035,0.20680457,0.03845781,-1.3151386,0.56270355,3.038947,0.0,0.00013278669,139.2128,0.7088098,1.0964289,2.1925924
69,0.0,0.0035083778,0.2026911,0.034747917,-1.3362427,0.57112795,2.6234226,0.0,0.00013098746,141.77507,0.7219315,1.0778413,2.1554205
70,0.0,0.0028685126,0.1996262,0.026186459,-1.3548489,0.58183086,2.9166284,0.0,-5.7202808e-05,144.3933,0.728931,1.0856496,2.1714137
71,0.0,0.002037135,0.1928579,0.014779167,-1.370292,0.57717,4.165919,0.0,-6.6947025e-05,145.80222,0.74494874,1.1383103,2.2767544
72,0.0,0.002903656,0.18904419,0.02788646,-1.3882678,0.5582569,5.3209076,0.0,0.00026762427,148.99536,0.75057334,1.1594589,2.3183823
73,0.0,0.0026143512,0.18743204,0.022624478,-1.4066548,0.53634965,3.8746235,0.0,0.00015678542,150.12172,0.7576222,1.15155,2.3027866
74,0.0,0.0024533628,0.17682056,0.019315105,-1.4193304,0.51348275,8.053619,0.0,0.0001642369,151.54286,0.776046,1.2825861,2.5648437
75,0.0,0.0021768636,0.17967045,0.0152994795,-1.4360583,0.5307096,5.94207,0.0,8.065758e-05,155.2025,0.7693536,1.2311398,2.4621181
76,0.0,0.0027871556,0.18056875,0.025872396,-1.4577403,0.5556048,3.8682384,0.0,0.00017606324,153.8782,0.77683854,1.1569438,2.3135352
77,0.0,0.0037257299,0.18190932,0.039946355,-1.4793026,0.5515214,4.6334205,0.0,0.0005563102,155.36281,0.77191734,1.1730826,2.3450527
78,0.0,0.003890385,0.18098956,0.04213854,-1.4970667,0.54465854,4.0858865,0.0,0.00075016025,154.3866,0.7750496,1.1687472,2.335994
79,0.0,0.0037879231,0.18095982,0.04167292,-1.5121522,0.57119966,4.6773653,0.0,0.00068028463,155.00839,0.7734966,1.1040761,2.2067916
80,0.0,0.0036762939,0.17750098,0.04088281,-1.5290122,0.5596608,5.36329,0.0,0.00061981496,154.70973,0.783922,1.1753191,2.3493986
81,0.0,0.004029164,0.178298,0.045118228,-1.5439653,0.56416214,6.3462067,0.0,0.00078562635,156.77786,0.7773879,1.1625011,2.323431
82,0.0,0.003927266,0.17627549,0.04438125,-1.5597215,0.554392,4.677449,0.0,0.0007016052,155.48924,0.7890523,1.1593125,2.3172216
83,0.0,0.0031835963,0.17582065,0.03136094,-1.5778503,0.5801122,4.4269686,0.0,0.00049750425,157.81548,0.7940533,1.1234457,2.2458963
84,0.0,0.0037360713,0.17530338,0.04021667,-1.5932422,0.59112644,6.7542257,0.0,0.0007521454,158.80893,0.7923464,1.1620064,2.3225083
85,0.0,0.0035798317,0.17401035,0.03773281,-1.6069887,0.59264594,5.642571,0.0,0.0004373037,158.46844,0.79149884,1.1918759,2.3828773
86,0.0,0.0025298311,0.16488042,0.021098958,-1.6197025,0.5003044,6.695562,0.0,7.166438e-05,158.3302,0.82193315,1.3468224,2.6935015
87,0.0,0.0043384023,0.1715898,0.050602604,-1.6341218,0.57992435,5.9388885,0.0,0.00097507203,164.36543,0.80073047,1.199539,2.3971279
88,0.0,0.004177891,0.16666923,0.048294794,-1.6502717,0.57501644,6.5035024,0.0,0.0007902272,160.16397,0.8185913,1.2268664,2.4521523
89,0.0,0.0035497318,0.1734835,0.036765628,-1.6657528,0.60341954,6.4881735,0.0,0.0005599052,163.7054,0.8057211,1.1550828,2.3090458
90,0.0,0.0045059174,0.17487729,0.052316666,-1.6792476,0.634289,6.5643396,0.0,0.0010327856,161.1366,0.798098,1.1473713,2.292677
91,0.0,0.0037575797,0.16757445,0.040636458,-1.6916465,0.6009784,7.1233287,0.0,0.0008582138,159.64394,0.8223995,1.2481024,2.4944882
92,0.0,0.003878437,0.16790925,0.043914065,-1.703877,0.6224511,7.4640465,0.0,0.0008936629,164.48401,0.82649016,1.2143271,2.426867
93,0.0,0.004284807,0.16943347,0.04930625,-1.718456,0.627353,6.9198227,0.0,0.001069152,165.2958,0.8242548,1.1953317,2.388525
94,0.0,0.0027698507,0.17457305,0.023746355,-1.7323687,0.64398915,8.404043,0.0,0.00021743492,164.8337,0.8069949,1.1336259,2.2668169
95,0.0,0.003103265,0.17850308,0.03064375,-1.7420318,0.6445481,8.335335,0.0,0.0005532625,161.38924,0.7972353,1.126807,2.2525077
96,0.0,0.006063422,0.1684512,0.073744275,-1.755172,0.6264218,11.000792,0.0,0.0018246064,159.47212,0.8222862,1.2400246,2.4764001
97,0.0,0.004956877,0.17311507,0.059795313,-1.768064,0.6579647,6.9658723,0.0,0.0013469284,164.4451,0.81014717,1.1557233,2.308753
98,0.0,0.0055876193,0.171835,0.06903073,-1.7819264,0.64351773,7.887892,0.0,0.0016061517,162.0366,0.81732017,1.2207917,2.438371
99,0.0,0.0035311354,0.17666243,0.038047396,-1.7896066,0.64220166,10.223505,0.0,0.00074640056,163.45683,0.8100938,1.1334281,2.2653635
100,0.0,0.0047970894,0.17366417,0.058055207,-1.8036559,0.663032,9.461957,0.0,0.0012756643,162.01874,0.81007355,1.1610063,2.3194613
101,0.0,0.0045056376,0.17433727,0.050639585,-1.8149484,0.6518153,7.6836176,0.0,0.0012353775,162.01404,0.8093961,1.2268474,2.451224
102,0.0,0.006323086,0.17733209,0.08094271,-1.8265285,0.6848546,9.981018,0.0,0.0018830987,161.88223,0.8124145,1.1117325,2.2196984
103,0.0,0.0037992047,0.17828327,0.041217707,-1.8409854,0.6903124,6.396847,0.0,0.00068245805,162.47212,0.8016369,1.1286167,2.2558684
104,0.0,0.004944249,0.1725989,0.05981823,-1.8519391,0.6748791,8.312382,0.0,0.0012886741,160.34857,0.8228134,1.1856611,2.3687449
105,0.0,0.0037039537,0.1698067,0.04019323,-1.8618293,0.6515618,9.917852,0.0,0.00064537465,164.5635,0.8236261,1.2588451,2.5163994
106,0.0,0.0065096235,0.17353992,0.07786094,-1.8745955,0.6659501,9.520588,0.0,0.0020064544,164.71677,0.815172,1.199527,2.3950412
107,0.0,0.0030804507,0.17669408,0.029251043,-1.8818101,0.66769475,8.818836,0.0,0.00039348536,163.03214,0.81290454,1.1685503,2.3363132
108,0.0,0.0027069391,0.18151622,0.024909897,-1.8875939,0.68424547,13.33337,0.0,0.00038171446,162.566,0.79799116,1.0926626,2.1845617
109,0.0,0.0069162124,0.17972209,0.08665886,-1.8976027,0.67985535,11.655395,0.0,0.0025539952,159.59464,0.7943835,1.1126027,2.2200973
110,0.0,0.005922081,0.17844152,0.073571354,-1.9104581,0.65144914,9.294597,0.0,0.0018692475,158.88623,0.80390716,1.1420381,2.2803378
111,0.0,0.007829759,0.17773299,0.084325,-1.9237969,0.6566602,10.448498,0.0,0.0029021194,160.78627,0.80875194,1.1594117,2.3130188
112,0.0,0.004454095,0.17374134,0.052414063,-1.9315872,0.67022705,11.2173195,0.0,0.0010438574,161.7594,0.81775284,1.2137142,2.4253407
113,0.0,0.003972008,0.17739558,0.045648433,-1.941956,0.7032256,7.4082427,0.0,0.0006706969,163.54846,0.815656,1.0677121,2.1340828
114,0.0,0.004160296,0.17693543,0.045342706,-1.9514697,0.6935737,9.932043,0.0,0.0009678893,163.13162,0.8160676,1.1664877,2.3310394
115,0.0,0.0034190011,0.17629862,0.03441979,-1.9651109,0.6962928,8.552635,0.0,0.00035846102,163.2128,0.81535125,1.0944196,2.1881223
116,0.0,0.0043340116,0.1783486,0.049754165,-1.9780686,0.6936033,9.566204,0.0,0.0010988583,163.0611,0.80620354,1.0940441,2.1858907
117,0.0,0.0060384828,0.17865275,0.064747915,-1.9897578,0.68474114,8.692907,0.0,0.0020468943,161.24046,0.80596787,1.1496537,2.2952137
118,0.0,0.0055409865,0.18052365,0.06664272,-1.9995077,0.6982801,9.851122,0.0,0.0016330851,161.18626,0.79867494,1.0781761,2.153086
119,0.0,0.0054597296,0.18222785,0.06507656,-2.0096483,0.70001936,9.832284,0.0,0.0017832312,159.73625,0.7999287,1.0806427,2.1577191
120,0.0,0.005153831,0.18428475,0.061381772,-2.0175123,0.7208541,11.404789,0.0,0.0014963262,159.98207,0.7962599,1.0327046,2.0624168
121,0.0,0.00483255,0.18127768,0.056939065,-2.0259216,0.7067032,8.422375,0.0,0.0014321883,159.25357,0.797844,1.0743506,2.1458366
122,0.0,0.0061172424,0.1843266,0.07786354,-2.0324903,0.7070304,11.612295,0.0,0.0018665507,159.56067,0.7897193,1.0651685,2.126604
123,0.0,0.0047668917,0.18042926,0.056026563,-2.0401993,0.72791153,9.164314,0.0,0.0013066714,157.95505,0.8009073,1.0430933,2.0835733
124,0.0,0.005260436,0.18461515,0.06309375,-2.0505664,0.7465058,8.768997,0.0,0.0015321476,160.17073,0.79017437,1.0282502,2.053436
125,0.0,0.00399738,0.17984527,0.045646876,-2.0589988,0.73038334,13.574137,0.0,0.0010563348,158.04967,0.80496913,1.1205661,2.2390194
126,0.0,0.0038687224,0.17299159,0.043057293,-2.0673404,0.6705191,13.904415,0.0,0.00086824934,161.02177,0.8329077,1.2751287,2.548521
127,0.0,0.004822054,0.17884207,0.057716668,-2.0771432,0.72680974,9.2014,0.0,0.0014075252,166.56502,0.8163926,1.1125317,2.2222483
128,0.0,0.004224772,0.18667288,0.047686458,-2.08284,0.76651156,17.269247,0.0,0.001155121,163.25537,0.7932453,0.94302475,1.8837392
129,0.0,0.0048148674,0.18498601,0.05578594,-2.091699,0.7772363,10.036558,0.0,0.0013248522,158.64941,0.79360026,0.95721114,1.9117726
130,0.0,0.0083136745,0.18025935,0.10328073,-2.1012657,0.730427,13.457972,0.0,0.0034121908,158.73703,0.81058204,1.102061,2.1972976
131,0.0,0.006191727,0.17621316,0.07924636,-2.1082635,0.7163209,14.606975,0.0,0.0020001275,162.12793,0.8220991,1.1754669,2.3469336
132,0.0,0.005908344,0.172942,0.07285209,-2.1172128,0.7137326,13.091827,0.0,0.0018209908,164.4326,0.8348961,1.1774846,2.3513274
133,0.0,0.0038518207,0.1703412,0.0427875,-2.124236,0.68601507,14.496852,0.0,0.00078476383,166.97943,0.83511204,1.2813134,2.561057
134,0.0,0.0067177406,0.1764809,0.08215781,-2.1364813,0.72778475,11.19614,0.0,0.002295934,167.01251,0.82523274,1.1245266,2.2444615
135,0.0,0.0062757954,0.17677057,0.07890469,-2.1428626,0.71546686,10.62701,0.0,0.0020105857,165.03725,0.8159349,1.15165,2.2992792
136,0.0,0.005317042,0.17362052,0.063795835,-2.1526952,0.70436823,12.444706,0.0,0.0016011555,163.1988,0.82777137,1.1793714,2.3555403
137,0.0,0.005917484,0.17713083,0.073601566,-2.1607604,0.73291343,11.243048,0.0,0.0018684643,165.54231,0.81582314,1.0866172,2.1694975
138,0.0,0.0036869994,0.1830123,0.040560417,-2.1674404,0.7565558,15.482107,0.0,0.0008015444,163.15933,0.8105277,1.0368352,2.0720673
139,0.0,0.005347782,0.18287693,0.067515105,-2.175612,0.7478677,13.57551,0.0,0.0017193897,162.10127,0.80625755,1.0564365,2.1094341
140,0.0,0.00805762,0.1794679,0.10176198,-2.1847248,0.73834753,13.362063,0.0,0.0030956785,161.2637,0.81842697,1.0789198,2.151648
141,0.0,0.0044499226,0.17987667,0.05138125,-2.1919556,0.75516,9.690442,0.0,0.0012497072,163.68187,0.8149299,1.0172615,2.0320234
142,0.0,0.007972024,0.17906809,0.10183333,-2.203612,0.71879244,14.69817,0.0,0.0030629653,162.98656,0.81550366,1.1267737,2.2474213
143,0.0,0.006636231,0.18074562,0.08079375,-2.2105331,0.75532615,14.451443,0.0,0.0024302881,163.09117,0.80591476,1.0190822,2.0333037
144,0.0,0.007997137,0.18090929,0.09888907,-2.2187977,0.7538828,14.295275,0.0,0.0033442653,161.1889,0.8118362,1.011842,2.016996
145,0.0,0.0063864235,0.1812642,0.080814585,-2.2260141,0.74175155,13.784045,0.0,0.0022172255,162.36395,0.8085455,1.0933702,2.1823058
146,0.0,0.0055858595,0.18201333,0.06600624,-2.2334352,0.7550088,12.097099,0.0,0.0017329097,161.71353,0.8129978,1.0254041,2.0473425
147,0.0,0.009430459,0.18360823,0.11611302,-2.242072,0.7843427,15.26115,0.0,0.0041225543,162.59975,0.8131807,0.98223245,1.9562199
148,0.0,0.004552428,0.19168276,0.055954166,-2.2493184,0.8519875,22.465038,0.0,0.0014393055,162.61284,0.7898885,0.8300903,1.6573021
149,0.0,0.003096471,0.19225496,0.03169219,-2.2571037,0.84011495,19.530334,0.0,0.0006372953,157.9804,0.7925681,0.83652174,1.671769
150,0.0,0.0052325046,0.19523345,0.065864064,-2.2639656,0.8558208,22.35448,0.0,0.0021125898,158.50374,0.7826905,0.83834743,1.6724696
151,0.0,0.004801022,0.19352378,0.056851562,-2.2727168,0.85878086,19.848137,0.0,0.0015930795,156.54538,0.78997713,0.7678476,1.5325091
152,0.0,0.004966189,0.19978863,0.0604875,-2.279402,0.8675444,19.374214,0.0,0.0017444628,157.97256,0.7671165,0.8927786,1.7820683
153,0.0,0.0070141717,0.1944253,0.08559063,-2.2863214,0.8834669,18.33388,0.0,0.00286248,153.44806,0.79187346,0.6107571,1.2157893
154,0.0,0.004290953,0.1936729,0.050405733,-2.293488,0.83447677,13.699957,0.0,0.0011267683,158.37187,0.78904337,0.8037764,1.6052992
155,0.0,0.008972068,0.19500934,0.11123854,-2.3023443,0.863836,19.005686,0.0,0.0039233174,157.80484,0.78520006,0.7100156,1.4121846
156,0.0,0.0063365255,0.19623286,0.0767,-2.3121953,0.8345737,13.233251,0.0,0.0021092123,157.03711,0.7823039,0.84661925,1.6890199
157,0.0,0.0066346824,0.19560671,0.0858375,-2.3206103,0.8880694,15.044052,0.0,0.0024272,156.46848,0.7899961,0.5854561,1.1660577
158,0.0,0.0047877915,0.20298524,0.05637292,-2.3302193,0.9005111,16.564299,0.0,0.0017649994,157.97784,0.7686171,0.7464843,1.4894385
159,0.0,0.007865244,0.19471143,0.09703594,-2.335071,0.83403426,15.793259,0.0,0.0031165138,153.73813,0.7833366,0.8126293,1.6190256
160,0.0,0.0065747844,0.19324894,0.0829974,-2.3427563,0.79406035,15.024921,0.0,0.0023677293,156.67369,0.7897206,0.9568316,1.9089278
161,0.0,0.006091144,0.2032975,0.07747917,-2.3474202,0.8878412,22.980211,0.0,0.0024738442,157.91634,0.7619453,0.7815892,1.5582306
162,0.0,0.005370291,0.20855278,0.06465885,-2.3500137,0.86729944,15.010059,0.0,0.0022651367,152.37776,0.7506543,1.2938743,2.583218
163,0.0,0.005438041,0.20290552,0.06605469,-2.3536983,0.89378655,18.790901,0.0,0.0017778352,150.14966,0.7694359,0.75273293,1.5019102
164,0.0,0.006605815,0.20794888,0.08242135,-2.3577046,0.87890285,17.654259,0.0,0.0029563818,153.87083,0.7531025,0.9877252,1.9695377
165,0.0,0.007402568,0.21406914,0.09300521,-2.3591723,0.85849684,18.975252,0.0,0.0041669384,150.60458,0.73719555,1.4517102,2.8950865
166,0.0,0.0051001664,0.21185964,0.060915105,-2.3641946,0.8824411,13.229116,0.0,0.0019225166,147.44827,0.74635684,1.0443654,2.0848856
167,0.0,0.012613382,0.20117046,0.14402604,-2.3711715,0.821975,20.435926,0.0,0.0060628923,149.30304,0.7780315,0.86408234,1.7160387
168,0.0,0.007683214,0.19821621,0.09867813,-2.3824582,0.79630077,16.662045,0.0,0.0028206478,155.6174,0.7891331,0.9694685,1.9332957
169,0.0,0.006007298,0.19509552,0.0760776,-2.3903298,0.7737422,17.412378,0.0,0.0019147481,157.8284,0.7909271,1.1064396,2.20905
170,0.0,0.004735048,0.19057022,0.056006774,-2.3986502,0.75604135,14.61968,0.0,0.0012801479,158.19743,0.80292785,1.2185265,2.4344928
171,0.0,0.0045148833,0.18951975,0.05371615,-2.4038763,0.73612857,14.772148,0.0,0.0012598995,160.5879,0.8052629,1.2820208,2.5615215
172,0.0,0.0055303015,0.18834175,0.068739064,-2.4076962,0.74930614,15.574768,0.0,0.0018430292,161.05684,0.80952597,1.2447472,2.4858081
173,0.0,0.0062431986,0.18838818,0.07891354,-2.415582,0.75265205,16.950394,0.0,0.00218431,161.9078,0.8121214,1.2268453,2.449322
174,0.0,0.0075757783,0.18530746,0.09515573,-2.4233189,0.7460251,16.615622,0.0,0.0028809095,162.43883,0.8266814,1.2208059,2.43585
175,0.0,0.003808862,0.18229778,0.04230625,-2.4317374,0.7212565,11.836863,0.0,0.0008497519,165.3426,0.8329863,1.3043647,2.60703
176,0.0,0.0045188274,0.18582778,0.05242344,-2.439671,0.7570908,11.245998,0.0,0.0012745846,166.58727,0.82299036,1.1759567,2.3493643
177,0.0,0.007343415,0.18442166,0.09114115,-2.4458017,0.7684432,16.077171,0.0,0.002894245,164.6047,0.8296405,1.0977539,2.1897192
178,0.0,0.0063399877,0.18683726,0.079452604,-2.456296,0.7870264,14.782913,0.0,0.0021435886,165.91356,0.815094,1.0704362,2.1365855
179,0.0,0.0065381792,0.18398696,0.08383125,-2.4648433,0.7570125,17.49536,0.0,0.002152864,163.03198,0.8282835,1.2038475,2.4033892
180,0.0,0.0039651454,0.18104716,0.045652084,-2.4743829,0.7288704,15.045892,0.0,0.0010484513,165.67278,0.8443748,1.3038788,2.6056607
181,0.0,0.0064482787,0.18329836,0.08003333,-2.4826937,0.76536226,16.140862,0.0,0.002199072,168.8647,0.8341121,1.1681101,2.3318222
182,0.0,0.005084685,0.18209942,0.06209896,-2.489818,0.7493213,15.286846,0.0,0.0015342042,166.82977,0.84145993,1.2568604,2.5106525
183,0.0,0.009069506,0.18076818,0.116727605,-2.4954321,0.7456305,20.805248,0.0,0.0035767744,168.29698,0.8464736,1.2273403,2.4475272
184,0.0,0.008795622,0.17849918,0.11023438,-2.5016065,0.76054776,21.324606,0.0,0.003512909,169.29634,0.84808767,1.1898551,2.3726842
185,0.0,0.0054904483,0.17438214,0.06725417,-2.5109243,0.73444164,16.62331,0.0,0.0016112073,169.62978,0.86031836,1.250891,2.4985595
186,0.0,0.00487544,0.17380573,0.05939427,-2.5182185,0.7279202,16.928852,0.0,0.001259473,172.0632,0.8598457,1.2951174,2.5877159
187,0.0,0.0076504387,0.17267483,0.094204694,-2.5269327,0.7126532,22.509232,0.0,0.0027999834,171.97546,0.86617893,1.3781172,2.7506342
188,0.0,0.008105189,0.1707002,0.09732187,-2.5344615,0.70955,19.616669,0.0,0.002904907,173.2429,0.87331235,1.3510251,2.6962404
189,0.0,0.008283431,0.1710829,0.099872395,-2.5435631,0.72583973,20.093693,0.0,0.0030456274,174.65544,0.86628234,1.3146873,2.6232831
190,0.0,0.006632441,0.17269892,0.08419636,-2.5515628,0.7305498,16.451809,0.0,0.002182085,173.25664,0.8664409,1.3064704,2.6085763
191,0.0,0.00717169,0.17569725,0.090625,-2.5581136,0.72813493,17.779255,0.0,0.0025444417,173.28339,0.86163056,1.3316442,2.6581993
192,0.0,0.008754831,0.17626993,0.108254686,-2.5640478,0.7344904,19.738014,0.0,0.0034003067,172.33022,0.86574364,1.3007944,2.594788
193,0.0,0.008867416,0.17447768,0.108611465,-2.570118,0.7216228,20.310116,0.0,0.003529093,173.15211,0.86913127,1.3439076,2.6807566
194,0.0,0.008981709,0.17627381,0.10758803,-2.579968,0.7244596,18.18792,0.0,0.0036640032,173.81653,0.85940945,1.3050308,2.6027336
195,0.0,0.011215656,0.17687337,0.1387901,-2.5865717,0.7329864,23.675617,0.0,0.0049444092,171.88234,0.8598728,1.2601186,2.5103483
196,0.0,0.007860154,0.18179905,0.10099583,-2.5902846,0.7574136,23.036097,0.0,0.003168949,171.95639,0.84169334,1.2109601,2.4155824
197,0.0,0.008340442,0.17936848,0.10138437,-2.591705,0.7411895,17.588352,0.0,0.0032675185,168.34972,0.8527463,1.2458348,2.4851346
198,0.0,0.0092115905,0.17998238,0.115714066,-2.5983827,0.73943335,20.921524,0.0,0.0036652745,170.54497,0.8484611,1.2866125,2.5658946
199,0.0,0.0073436433,0.17748798,0.09006771,-2.6060967,0.7212723,17.622875,0.0,0.0023790943,169.70407,0.8603112,1.3429205,2.681083
200,0.0,0.0061360835,0.17453937,0.07739479,-2.6132503,0.72376156,16.307276,0.0,0.0018830809,172.06776,0.8658418,1.3078434,2.6119208
201,0.0,0.0097023295,0.17757027,0.12249011,-2.6211061,0.72311985,21.998194,0.0,0.0038450644,173.163,0.8604858,1.3160505,2.624411
202,0.0,0.0056149643,0.17709316,0.06978959,-2.6286354,0.71356,15.949261,0.0,0.0015969154,172.09528,0.8586087,1.3420506,2.6809072
203,0.0,0.01024344,0.18001582,0.12431146,-2.6347091,0.7191181,22.897512,0.0,0.004156308,171.7137,0.85057384,1.3492627,2.6902127
204,0.0,0.0066727195,0.18491589,0.07966302,-2.6426964,0.7431003,22.89356,0.0,0.0023950255,170.10802,0.8438246,1.2563078,2.5078256
205,0.0,0.0055813226,0.18279533,0.06785833,-2.6482491,0.7453054,15.72387,0.0,0.0017562056,168.76567,0.8445608,1.2292268,2.4549413
206,0.0,0.010775934,0.18005003,0.13550937,-2.6538906,0.7241173,25.924019,0.0,0.00438577,168.92227,0.8546586,1.3426249,2.6764784
207,0.0,0.008796319,0.17696182,0.109011464,-2.6619496,0.6946664,21.31174,0.0,0.0032684873,170.93362,0.85655063,1.4051244,2.803712
208,0.0,0.009455663,0.17743595,0.11619376,-2.6669428,0.72597253,22.216335,0.0,0.0039939694,171.31328,0.8597079,1.3012183,2.5944486
209,0.0,0.0108304545,0.1780052,0.14274636,-2.673553,0.71742463,27.684679,0.0,0.004576334,171.94211,0.86022776,1.3136694,2.6181862
210,0.0,0.009029262,0.17967021,0.11003333,-2.6810298,0.7307384,20.747856,0.0,0.0034435098,172.0423,0.85700434,1.2544255,2.501964
211,0.0,0.009131242,0.17743804,0.11154115,-2.685896,0.7098967,21.31867,0.0,0.0036603063,171.3988,0.85493034,1.3254493,2.643578
212,0.0,0.0074033053,0.17785227,0.09294688,-2.6930976,0.7046962,19.723919,0.0,0.0025080217,170.98235,0.8512093,1.3191438,2.6332717
213,0.0,0.0077444776,0.17821915,0.09739375,-2.7020712,0.7050629,20.023113,0.0,0.0029710787,170.23618,0.8455276,1.290026,2.5741096
214,0.0,0.008659478,0.17533974,0.10291771,-2.7099667,0.7068902,22.039473,0.0,0.0033595604,169.1172,0.85718906,1.3096356,2.6125522
215,0.0,0.0097923195,0.17260247,0.12561095,-2.7133458,0.6818752,24.601164,0.0,0.0038994197,171.44553,0.864905,1.3563948,2.7049906
216,0.0,0.008349177,0.17161612,0.098677084,-2.7190034,0.68830144,20.923555,0.0,0.0033048545,172.97374,0.85763675,1.3416481,2.6766865
217,0.0,0.007924995,0.17260455,0.09655573,-2.7239437,0.6876834,20.66753,0.0,0.003140242,171.51761,0.84787923,1.3394275,2.6725743
218,0.0,0.007618977,0.1739766,0.09722448,-2.7287354,0.7026712,21.177757,0.0,0.00298256,169.5749,0.84692734,1.2758646,2.545764
219,0.0,0.010125783,0.17535156,0.13128176,-2.736625,0.6886805,29.379866,0.0,0.0041432437,169.38774,0.849194,1.3056619,2.6030376
220,0.0,0.010038558,0.17453414,0.11984323,-2.743816,0.69215393,25.231602,0.0,0.004030301,169.83482,0.84520704,1.2743793,2.540698
221,0.0,0.012334291,0.17659391,0.13928333,-2.7512107,0.66865075,28.797592,0.0,0.0058349418,169.03725,0.8410598,1.3520353,2.6924005
222,0.0,0.007845674,0.17438054,0.09757448,-2.7584236,0.70316094,21.933475,0.0,0.0030350408,168.21254,0.8416432,1.2521996,2.4983292
223,0.0,0.009902184,0.17472954,0.1209224,-2.7653437,0.67616475,26.67683,0.0,0.0044485666,168.33002,0.84301966,1.3230579,2.6372185
224,0.0,0.008114035,0.17807484,0.10333958,-2.7712855,0.69913924,25.08117,0.0,0.0033093994,168.59755,0.83662707,1.2524253,2.498232
225,0.0,0.0086506065,0.17887492,0.10673177,-2.7796912,0.70203465,25.870905,0.0,0.0037431018,167.31934,0.83055824,1.243444,2.4794016
226,0.0,0.010176576,0.17651795,0.12717709,-2.7856047,0.6855938,27.859396,0.0,0.004591992,166.11795,0.83686477,1.2571529,2.505122
227,0.0,0.012345759,0.17286599,0.15002552,-2.7931144,0.6670212,30.132893,0.0,0.005576876,167.38538,0.8492769,1.3205531,2.6299524
228,0.0,0.013202867,0.17335999,0.15515938,-2.8021684,0.6834097,32.033844,0.0,0.0060423934,169.84993,0.84383607,1.2573669,2.5026493
229,0.0,0.013831705,0.17803739,0.15999375,-2.811038,0.71013665,33.057404,0.0,0.006729724,168.75096,0.82759845,1.2127173,2.4119751
230,0.0,0.0123760095,0.17571402,0.14032969,-2.815625,0.68433934,28.875103,0.0,0.005763842,165.53918,0.84707993,1.262184,2.5128403
231,0.0,0.008286561,0.17726664,0.10093489,-2.8194818,0.70030284,23.41701,0.0,0.003493191,169.4097,0.84078187,1.241154,2.4753213
232,0.0,0.008709357,0.17949618,0.10678229,-2.8236547,0.70903444,25.949402,0.0,0.0037055565,168.14516,0.82956886,1.2017767,2.3961425
233,0.0,0.010450145,0.18018705,0.12786874,-2.830555,0.6834749,29.588844,0.0,0.0046594436,165.90247,0.81825846,1.2448239,2.480329
234,0.0,0.006680398,0.17811774,0.081969276,-2.836856,0.670454,21.376045,0.0,0.0025959532,163.66388,0.8304506,1.2342962,2.4634004
235,0.0,0.010344908,0.18033396,0.11919323,-2.838695,0.70131063,28.511477,0.0,0.004918852,166.0703,0.810625,1.1860904,2.362343
236,0.0,0.0138350595,0.17524397,0.1646125,-2.8433416,0.6891415,35.41184,0.0,0.006511099,162.14926,0.83488816,1.2091116,2.4052007
237,0.0,0.010853717,0.17634536,0.13344063,-2.8464394,0.7029252,31.192043,0.0,0.005107944,166.97025,0.8275052,1.1747915,2.339367
238,0.0,0.011062204,0.17935513,0.13856927,-2.8500414,0.6941017,32.858063,0.0,0.005082151,165.49084,0.8173322,1.2176147,2.4250653
239,0.0,0.015401011,0.17422938,0.17294168,-2.8541641,0.6575817,37.574635,0.0,0.007467288,163.48076,0.8316464,1.2923169,2.5696993
240,0.0,0.0116358455,0.17513789,0.14017135,-2.8598294,0.68095696,30.727585,0.0,0.0052218973,166.32109,0.8234595,1.2390151,2.4675865
241,0.0,0.011688478,0.17611653,0.13160573,-2.86271,0.65946794,29.806648,0.0,0.0053055063,164.6973,0.82885516,1.2860861,2.561561
242,0.0,0.007608445,0.17751007,0.09237604,-2.8650951,0.6571609,23.20371,0.0,0.0029481112,165.7698,0.8276133,1.2913682,2.5768402
243,0.0,0.014927437,0.17961346,0.15923178,-2.866942,0.6787629,36.493034,0.0,0.0073260656,165.51562,0.8205863,1.2421191,2.469586
244,0.0,0.009789401,0.1772148,0.115684375,-2.8753996,0.6902664,25.377186,0.0,0.004020703,164.12813,0.8314627,1.2232,2.4383588
245,0.0,0.011786826,0.17546962,0.14449011,-2.8808088,0.682633,33.15808,0.0,0.005504072,166.29051,0.8294496,1.2474244,2.4838405
246,0.0,0.010163322,0.17030054,0.12731093,-2.8858573,0.6498276,32.26042,0.0,0.004363816,165.90309,0.8426178,1.3424972,2.676267
247,0.0,0.008506371,0.16964088,0.10571198,-2.8929558,0.66015494,25.13261,0.0,0.0033966652,168.5309,0.8499619,1.2872207,2.5676482
248,0.0,0.011420583,0.16794948,0.13668072,-2.8982074,0.65338904,32.602386,0.0,0.005204529,169.991,0.8485936,1.3106169,2.6108246
249,0.0,0.010943193,0.17043924,0.12979272,-2.9017396,0.658832,31.275244,0.0,0.0050916607,169.71373,0.8436233,1.3257703,2.641357
250,0.0,0.008183618,0.16908407,0.10198645,-2.9091825,0.6620988,24.649496,0.0,0.0031432793,168.73404,0.85302943,1.3171155,2.6279447
251,0.0,0.0077276286,0.16589375,0.098216146,-2.9148893,0.644831,26.25588,0.0,0.0028587924,170.60468,0.85180545,1.3597697,2.7138216
252,0.0,0.011734845,0.16484779,0.13973385,-2.9216833,0.6554121,33.41026,0.0,0.0051461514,170.3714,0.8621245,1.2854333,2.5605743
253,0.0,0.013095517,0.16557126,0.1554724,-2.9295897,0.65616035,36.42772,0.0,0.0060805595,172.41315,0.8503707,1.3388311,2.6655009
254,0.0,0.010335,0.1638005,0.11969271,-2.93732,0.6405115,29.695412,0.0,0.0042508687,170.08408,0.8602958,1.3967569,2.785012
255,0.0,0.019104825,0.1643929,0.2137823,-2.941177,0.65690637,48.45875,0.0,0.009622615,172.05496,0.8561044,1.3366377,2.65403
256,0.0,0.009058034,0.16340458,0.11388698,-2.9467807,0.61852455,29.157429,0.0,0.0034685386,171.22542,0.8606391,1.4046767,2.8024163
257,0.0,0.014026472,0.16319244,0.1655646,-2.9509406,0.6320187,39.616196,0.0,0.006662255,172.12798,0.86078894,1.3714633,2.7296019
258,0.0,0.015116472,0.1615944,0.1738948,-2.956387,0.617888,41.796776,0.0,0.0071524153,172.1616,0.8645968,1.3872108,2.760117
259,0.0,0.013670711,0.16293377,0.16445468,-2.9640193,0.64093405,40.761578,0.0,0.0064528855,172.914,0.8592555,1.3567939,2.7006822
260,0.0,0.010787737,0.16350287,0.13115364,-2.969378,0.6364074,33.558167,0.0,0.00477589,171.84937,0.8575168,1.3243363,2.6391208
261,0.0,0.017050117,0.16180666,0.18380156,-2.9774032,0.6400421,44.57975,0.0,0.008405872,171.50616,0.8603277,1.3463793,2.6759467
262,0.0,0.010898388,0.16505744,0.13343073,-2.9804125,0.6407634,35.959637,0.0,0.004696725,172.05452,0.8492836,1.3568487,2.7043037
263,0.0,0.007700191,0.16437227,0.09838958,-2.9863052,0.62651277,30.114368,0.0,0.0031215423,169.86311,0.85567915,1.3244073,2.6425714
264,0.0,0.013386867,0.1691975,0.1529974,-2.9923453,0.64064914,40.24076,0.0,0.0065273307,171.1191,0.8389356,1.2935007,2.5739465
265,0.0,0.011623494,0.16705199,0.13756406,-2.9972548,0.6347372,35.74807,0.0,0.0053257276,167.79364,0.8454619,1.3218826,2.6331139
266,0.0,0.012816218,0.16380772,0.14766146,-3.003039,0.6164537,38.095192,0.0,0.0059302435,169.10133,0.8544076,1.3514873,2.691114
267,0.0,0.010067621,0.16549434,0.12516563,-3.006639,0.60334206,34.037064,0.0,0.0042859423,170.87404,0.84690946,1.3364923,2.6644127
268,0.0,0.012523216,0.16537362,0.1434422,-3.0119264,0.6316388,35.548317,0.0,0.005731472,169.38614,0.85117656,1.3238642,2.6362655
269,0.0,0.009836811,0.16438967,0.11665209,-3.0163321,0.63131285,31.839767,0.0,0.0041634096,170.24017,0.85603046,1.3113611,2.6143954
270,0.0,0.01363615,0.16589685,0.15506145,-3.0229044,0.6369767,40.969078,0.0,0.006524055,171.1991,0.8490207,1.3184407,2.6238332
271,0.0,0.009576729,0.16841091,0.12607136,-3.0279102,0.65415764,36.916115,0.0,0.003885706,169.79651,0.84138566,1.26557,2.5233688
272,0.0,0.015048923,0.16689038,0.17076147,-3.0306754,0.64563453,42.861305,0.0,0.0071020653,168.27905,0.8433058,1.2982185,2.582233
273,0.0,0.0110367155,0.16492148,0.13730626,-3.035276,0.62322456,37.084904,0.0,0.0046381312,168.6749,0.8570345,1.3499386,2.690601
274,0.0,0.008593915,0.1649863,0.10327396,-3.040327,0.637584,28.272627,0.0,0.0036024405,171.4034,0.8535339,1.3581644,2.7091238
275,0.0,0.012680231,0.1661075,0.15410939,-3.0446754,0.63159096,42.414356,0.0,0.0056249714,170.70277,0.84950334,1.3506074,2.6899648
276,0.0,0.01078834,0.16820697,0.13460833,-3.0517635,0.6545609,36.879814,0.0,0.0046831314,169.89363,0.8424742,1.2995965,2.5898266
277,0.0,0.013746137,0.16710116,0.164025,-3.0581799,0.6488418,45.44045,0.0,0.006732707,168.49391,0.84155613,1.3083106,2.6031556
278,0.0,0.009944285,0.16833912,0.12190834,-3.062913,0.65837574,36.97835,0.0,0.0043349117,168.30727,0.83761525,1.2770437,2.5454173
279,0.0,0.0147493165,0.16677177,0.16591926,-3.066386,0.6498709,43.85924,0.0,0.0069811796,167.53326,0.8478438,1.3273766,2.640791
280,0.0,0.011106273,0.16689175,0.12660365,-3.068411,0.6509819,34.81661,0.0,0.004961553,169.56953,0.8486125,1.314853,2.6197827
281,0.0,0.012824732,0.16717939,0.15160313,-3.0717537,0.6453856,41.562134,0.0,0.0057454035,169.72203,0.8481331,1.3534652,2.6954396
282,0.0,0.011929203,0.1658289,0.14018959,-3.0780733,0.64219785,39.462418,0.0,0.005270227,169.6318,0.8533372,1.3385862,2.666632
283,0.0,0.013143547,0.16562825,0.15221405,-3.0815115,0.64411944,43.984543,0.0,0.0061598867,170.66206,0.8479642,1.3163061,2.6202927
284,0.0,0.013155559,0.1650925,0.15259428,-3.0878568,0.64779997,42.362198,0.0,0.00627573,169.59355,0.8486772,1.3136384,2.6147256
285,0.0,0.011229708,0.16567193,0.1372302,-3.0953493,0.6492213,39.20982,0.0,0.0048634293,169.7372,0.85043854,1.3084236,2.6071205
286,0.0,0.014434888,0.16381754,0.16206041,-3.1016583,0.6376124,44.017334,0.0,0.006895487,170.08734,0.85006875,1.342099,2.6704068
287,0.0,0.008613754,0.1625986,0.10230208,-3.1044328,0.6292994,30.612946,0.0,0.0034849304,170.0283,0.86464,1.352694,2.6984181
288,0.0,0.012483404,0.16444199,0.14790729,-3.109034,0.6145588,43.0167,0.0,0.0057730963,172.91899,0.85562783,1.3874426,2.763339
289,0.0,0.011106847,0.1656763,0.13020365,-3.1190662,0.63733506,37.985588,0.0,0.0048955823,171.12024,0.8502947,1.358921,2.7080507
290,0.0,0.009640011,0.16371657,0.11698907,-3.1236036,0.6288494,34.721104,0.0,0.0041569006,170.06477,0.85610396,1.3586712,2.7090287
291,0.0,0.01572936,0.16310908,0.17832863,-3.1270547,0.60926044,50.34595,0.0,0.0075569097,171.22098,0.8562965,1.3779278,2.7407417
292,0.0,0.012743167,0.16209821,0.15726146,-3.1309812,0.61738276,46.69349,0.0,0.0057438216,171.26314,0.860125,1.3671868,2.722886
293,0.0,0.012785042,0.16216508,0.15122917,-3.1393042,0.61817515,45.17254,0.0,0.0058957725,172.0234,0.85852355,1.384747,2.7577024
294,0.0,0.0140135605,0.15976298,0.15849844,-3.1447544,0.6101707,46.184376,0.0,0.0062811044,171.71587,0.86968935,1.3599304,2.7072988
295,0.0,0.0125271985,0.16108347,0.14980572,-3.1503544,0.6304055,44.604904,0.0,0.005718329,173.93552,0.8673408,1.353266,2.695095
296,0.0,0.01506431,0.16045715,0.16617969,-3.1556692,0.6215411,47.314392,0.0,0.00721311,173.4697,0.8688721,1.3663802,2.7183342
297,0.0,0.013142095,0.1602328,0.14879115,-3.1595888,0.618186,45.36618,0.0,0.0061825365,173.7735,0.86796933,1.3534433,2.6945214
298,0.0,0.013370465,0.16206549,0.14285208,-3.1628127,0.6423701,41.389572,0.0,0.006295928,173.58842,0.8625176,1.3453566,2.6781213
299,0.0,0.027203493,0.1637879,0.2763896,-3.1671946,0.6381399,76.76701,0.0,0.015058792,172.493,0.852011,1.3594751,2.6888328
300,0.0,0.01086079,0.16524638,0.12950835,-3.172646,0.6566287,40.767776,0.0,0.0047445134,170.40167,0.8514916,1.2894125,2.5693362
301,0.0,0.013329795,0.16564275,0.15913022,-3.1773872,0.64621735,50.394062,0.0,0.0064641275,170.29572,0.8489155,1.3358755,2.6588225
302,0.0,0.01838694,0.16488618,0.18214583,-3.1800807,0.6435226,52.038723,0.0,0.008915167,169.78543,0.8512407,1.3265889,2.6353471
303,0.0,0.00997601,0.16538744,0.11745469,-3.186625,0.6327136,37.631313,0.0,0.0043723825,170.2477,0.85080117,1.340692,2.6726394
304,0.0,0.009843942,0.16634008,0.12357969,-3.1917922,0.63723576,39.727345,0.0,0.0041960054,170.16037,0.85094726,1.3272941,2.6461961
305,0.0,0.012182564,0.16662018,0.14715417,-3.1958263,0.65447354,46.62253,0.0,0.0056786323,170.1917,0.8531785,1.3145728,2.6177886
306,0.0,0.010303251,0.16551392,0.13019583,-3.19676,0.6462246,41.529152,0.0,0.004339358,170.63269,0.8501629,1.2894017,2.5701246
307,0.0,0.016168052,0.16621351,0.17613855,-3.198699,0.65384316,52.745747,0.0,0.007904607,170.03134,0.84892523,1.2984095,2.5810096
308,0.0,0.0141808055,0.16681369,0.14913073,-3.2040381,0.648101,46.13254,0.0,0.0065938556,169.78044,0.8443309,1.3230524,2.6329174
309,0.0,0.014878098,0.16780423,0.17098853,-3.2060726,0.643829,52.58773,0.0,0.0071832845,168.86394,0.84207547,1.3054719,2.5965774
310,0.0,0.011592408,0.16855933,0.14423177,-3.2122982,0.6439856,48.079067,0.0,0.0051880553,168.4186,0.84559196,1.2822586,2.554141
311,0.0,0.012730534,0.16771738,0.14759167,-3.216332,0.63202554,46.003193,0.0,0.00553979,169.12173,0.8489417,1.3400853,2.669091
312,0.0,0.012068604,0.16772062,0.1452698,-3.2220137,0.6299964,45.917397,0.0,0.005340379,169.78616,0.8467841,1.324794,2.6389074
313,0.0,0.011654485,0.16978495,0.1347125,-3.2265491,0.65174764,46.213886,0.0,0.005278593,169.3514,0.84136224,1.2766819,2.5428066
314,0.0,0.012720313,0.16943665,0.14803177,-3.2305906,0.6573302,48.788372,0.0,0.0059520206,168.27687,0.8457521,1.2842741,2.5566442
315,0.0,0.014375001,0.1690976,0.16759115,-3.2345915,0.6400452,52.898743,0.0,0.0069248388,169.153,0.84832764,1.3251101,2.6363707
316,0.0,0.014281176,0.17042686,0.17237082,-3.2387218,0.6580261,56.225998,0.0,0.0067654317,169.66185,0.8446515,1.3051378,2.5967448
317,0.0,0.014948207,0.17041439,0.18195885,-3.2444563,0.65773594,60.908318,0.0,0.0070464932,168.92921,0.8435764,1.2986741,2.5832548
318,0.0,0.015384542,0.1710794,0.1758625,-3.2492137,0.6591854,56.87081,0.0,0.007689143,168.71617,0.8444626,1.2898619,2.5643454
319,0.0,0.01835823,0.17313243,0.20756301,-3.2542343,0.649145,66.948044,0.0,0.009515723,168.88629,0.8382407,1.2855579,2.5520842
320,0.0,0.011709737,0.17318518,0.1382922,-3.2577477,0.6641451,46.504047,0.0,0.0053955065,167.65083,0.8409294,1.2917609,2.5727305
321,0.0,0.012724288,0.1754234,0.15734792,-3.2621882,0.66734254,54.308136,0.0,0.0058519477,168.1772,0.83226573,1.2964139,2.5811236
322,0.0,0.013457441,0.17492007,0.15873438,-3.2684867,0.6616585,52.107777,0.0,0.006355582,166.45299,0.8320784,1.299849,2.5869868
323,0.0,0.012688253,0.17534028,0.13700885,-3.2712688,0.6641464,43.106598,0.0,0.0057198917,166.41676,0.833163,1.30058,2.5897202
324,0.0,0.015200584,0.17517875,0.16023594,-3.2729692,0.6648605,53.875774,0.0,0.0074988417,166.63976,0.84032047,1.316253,2.6175082
325,0.0,0.010424127,0.17503755,0.1301375,-3.276726,0.66535085,45.297676,0.0,0.004501471,168.05951,0.8357384,1.2966723,2.584342
326,0.0,0.01724933,0.17594904,0.19520521,-3.278664,0.6816587,62.65014,0.0,0.00863171,167.1447,0.8327652,1.2913103,2.5653574
327,0.0,0.016929094,0.17585383,0.19010678,-3.2806163,0.6745764,63.485806,0.0,0.008698983,166.55493,0.83467394,1.2884488,2.5594997
328,0.0,0.014931454,0.17542736,0.17514272,-3.2847831,0.6748805,59.55535,0.0,0.007380858,166.93184,0.8317192,1.289003,2.5632443
329,0.0,0.014856155,0.1758696,0.16292448,-3.2901149,0.67261535,54.064293,0.0,0.007259246,166.34282,0.8307052,1.2838346,2.5531507
330,0.0,0.013931219,0.17844915,0.15964374,-3.2943208,0.6893194,53.407173,0.0,0.006600294,166.13783,0.82751226,1.2701778,2.5271554
331,0.0,0.020660289,0.17670687,0.19502345,-3.2988236,0.69156027,63.337414,0.0,0.010204317,165.50673,0.8318037,1.262576,2.5047433
332,0.0,0.012628943,0.17788072,0.14867032,-3.3027828,0.69062674,49.888763,0.0,0.0056425976,166.36028,0.83133805,1.2767166,2.542148
333,0.0,0.018337034,0.17922716,0.20243542,-3.3060112,0.69678295,66.13493,0.0,0.009327238,166.26567,0.8293886,1.2856421,2.55263
334,0.0,0.009292152,0.17870037,0.114951566,-3.3103995,0.6927347,41.530624,0.0,0.003878399,165.87906,0.8307086,1.2776927,2.5476286
335,0.0,0.011668663,0.1795154,0.14232709,-3.31415,0.69918936,49.883446,0.0,0.005392646,166.1373,0.8262908,1.2655507,2.5203161
336,0.0,0.017856255,0.17807345,0.18416719,-3.3204665,0.693768,61.227554,0.0,0.008824227,165.26042,0.8285504,1.273514,2.5293794
337,0.0,0.010639159,0.17847812,0.12918386,-3.3269053,0.67933106,45.915096,0.0,0.004640314,165.71074,0.8291905,1.3162625,2.6232443
338,0.0,0.018276613,0.17715585,0.20035002,-3.329436,0.69243336,66.80239,0.0,0.009177922,165.83519,0.82626814,1.2697825,2.5212092
339,0.0,0.012289498,0.17567259,0.14231145,-3.3320103,0.68636024,50.734756,0.0,0.005742586,165.26157,0.83421177,1.273724,2.5359626
340,0.0,0.016385786,0.17406537,0.18515469,-3.3359504,0.66669375,62.488358,0.0,0.008043874,166.84525,0.8371064,1.3459488,2.6758099
341,0.0,0.009866157,0.17488594,0.12319687,-3.339872,0.68253654,48.026955,0.0,0.00437375,167.4231,0.83894116,1.2631261,2.5175047
342,0.0,0.016638368,0.17635787,0.1809651,-3.343248,0.6899703,60.175125,0.0,0.008210956,167.7813,0.8319964,1.2566725,2.496923
343,0.0,0.0126693025,0.17450047,0.14928699,-3.3482287,0.6761596,52.857067,0.0,0.0055455705,166.41142,0.8441431,1.2797157,2.5483403
344,0.0,0.012344099,0.17574312,0.14496875,-3.3519697,0.68496525,50.989952,0.0,0.006001181,168.81679,0.832297,1.2447144,2.4774265
345,0.0,0.011723144,0.17594089,0.13582292,-3.3562064,0.6870045,51.338913,0.0,0.005298977,166.46443,0.8373338,1.2637517,2.5169053
346,0.0,0.0122587085,0.17587702,0.14101043,-3.3585863,0.6760018,50.700745,0.0,0.0054790867,167.46579,0.83635587,1.2961684,2.5813787
347,0.0,0.015453879,0.17675018,0.17438959,-3.3633056,0.68846023,61.519844,0.0,0.0076015354,167.26454,0.8297152,1.2533462,2.4914894
348,0.0,0.013152072,0.17683704,0.15225416,-3.3658807,0.67874193,55.17317,0.0,0.006242729,165.94109,0.8277648,1.2813318,2.550178
349,0.0,0.013970726,0.17781644,0.16022605,-3.3706741,0.70192945,58.41048,0.0,0.0064192703,165.55623,0.83103997,1.228723,2.4446077
350,0.0,0.01899829,0.17778565,0.19288439,-3.3736558,0.6881336,67.18672,0.0,0.009676496,166.20004,0.8230802,1.2663565,2.51336
351,0.0,0.022256993,0.17895485,0.22545001,-3.3761938,0.69373846,79.64317,0.0,0.011468689,164.61935,0.8263895,1.2925167,2.562096
352,0.0,0.013501205,0.17916556,0.15881146,-3.3805838,0.7021884,58.595596,0.0,0.006341531,165.28104,0.8295168,1.2693033,2.5259237
353,0.0,0.016037207,0.17885411,0.17673334,-3.384566,0.70456946,63.40798,0.0,0.0077620223,165.90735,0.83351225,1.2454088,2.4752934
354,0.0,0.019945491,0.18078887,0.21966562,-3.3886273,0.69302535,78.65485,0.0,0.010584205,166.69243,0.8235062,1.2574728,2.4937773
355,0.0,0.013573855,0.18061428,0.1592026,-3.3909101,0.69544554,60.838238,0.0,0.0065809474,164.70143,0.8237056,1.2337554,2.454349
356,0.0,0.012843339,0.18037055,0.14688751,-3.3948405,0.688278,56.562077,0.0,0.006357015,164.74063,0.82320976,1.2796419,2.5465693
357,0.0,0.011485651,0.18006529,0.14179792,-3.4018154,0.6964718,53.88706,0.0,0.0053188456,164.63997,0.8212253,1.2453606,2.4800835
358,0.0,0.011090191,0.1809211,0.12573594,-3.4081602,0.6933001,47.281097,0.0,0.0049727703,164.2453,0.8214602,1.250454,2.4909623
359,0.0,0.013567867,0.1795962,0.15665314,-3.4120674,0.6833961,61.636436,0.0,0.006352606,164.2978,0.8272264,1.2742211,2.5357368
360,0.0,0.014090881,0.17948417,0.17783959,-3.4175892,0.6913584,70.72713,0.0,0.006859748,165.44449,0.82644117,1.249964,2.4862087
361,0.0,0.018881679,0.18051712,0.21130885,-3.4217553,0.6905752,79.129944,0.0,0.009990473,165.28038,0.8185943,1.2718463,2.5237114
362,0.0,0.014031637,0.17875028,0.16059011,-3.4270105,0.6757736,60.834194,0.0,0.006534312,163.73456,0.83428335,1.284618,2.5561676
363,0.0,0.017569095,0.18000086,0.19400418,-3.4312263,0.69697917,73.63479,0.0,0.009121874,166.84224,0.81985503,1.2324564,2.446669
364,0.0,0.016045313,0.18017156,0.1821776,-3.435983,0.6868229,70.66538,0.0,0.007876741,163.9708,0.81965107,1.2658155,2.5158777
365,0.0,0.016907316,0.17978682,0.1945599,-3.4408247,0.70049804,75.17035,0.0,0.008283413,163.93207,0.8215199,1.2033039,2.390041
366,0.0,0.012717473,0.1796217,0.15438592,-3.4447556,0.69113326,60.97403,0.0,0.0056074266,164.30214,0.8196703,1.2249731,2.4387314
367,0.0,0.011148445,0.17972182,0.13354896,-3.450582,0.6811138,51.42163,0.0,0.0047240807,163.93347,0.81907827,1.2546461,2.499844
368,0.0,0.013381582,0.18015866,0.16452709,-3.4543798,0.6921619,66.59399,0.0,0.006212576,163.81728,0.8207094,1.2249992,2.437573
369,0.0,0.011765115,0.1796211,0.13391668,-3.4614491,0.71163106,53.709816,0.0,0.005313619,164.14357,0.82241714,1.1821383,2.3536494
370,0.0,0.017558467,0.17956078,0.19848958,-3.465784,0.6991931,77.24635,0.0,0.008778343,164.48396,0.82294345,1.257866,2.4981751
371,0.0,0.019210946,0.17963557,0.19708334,-3.46824,0.68225783,72.877625,0.0,0.009771582,164.5896,0.8238469,1.2754502,2.5313573
372,0.0,0.013890909,0.18173285,0.16475469,-3.4722652,0.6993735,67.901184,0.0,0.006555546,164.76187,0.81635064,1.2142643,2.4154177
373,0.0,0.016852919,0.18116982,0.19335729,-3.4779797,0.7026733,75.56648,0.0,0.008455278,163.27304,0.81925756,1.2373182,2.4577258
374,0.0,0.014586585,0.18151762,0.16921718,-3.4797254,0.7123357,67.45662,0.0,0.0070002917,163.85173,0.8194706,1.2016451,2.3892899
375,0.0,0.014857448,0.18168615,0.17324011,-3.4818208,0.71381855,69.80719,0.0,0.0073166066,163.88672,0.8120514,1.1960192,2.3774052
376,0.0,0.02319716,0.18066446,0.24531354,-3.4859643,0.68572474,94.85541,0.0,0.012176127,162.41844,0.8201859,1.2569233,2.4894943
377,0.0,0.012208562,0.18153311,0.15387449,-3.4909997,0.7080771,65.72655,0.0,0.0057312767,164.03897,0.8219578,1.1920455,2.3726285
378,0.0,0.014074559,0.18155675,0.1648698,-3.4935744,0.71699774,68.0035,0.0,0.006681106,164.38748,0.817882,1.1838936,2.354425
379,0.0,0.022647554,0.18120193,0.24223283,-3.4950933,0.69503736,95.6593,0.0,0.012222172,163.57297,0.814448,1.2616369,2.4988294
380,0.0,0.016931329,0.1813397,0.15508074,-3.498548,0.7154993,61.924442,0.0,0.008152755,162.89616,0.8210166,1.1840224,2.3517392
381,0.0,0.013983507,0.18150301,0.1591724,-3.50315,0.7035897,65.10062,0.0,0.006360244,164.20396,0.82167554,1.2364324,2.460144
382,0.0,0.013870811,0.18205386,0.16020417,-3.5078278,0.70608675,63.65895,0.0,0.0063814353,164.3351,0.8216515,1.2284815,2.4442003
383,0.0,0.013689427,0.18280427,0.15733802,-3.512209,0.7053602,65.22165,0.0,0.006612705,164.32506,0.8164125,1.2228625,2.4325
384,0.0,0.013000254,0.18146227,0.15620573,-3.5140183,0.7163926,64.55671,0.0,0.0062205093,163.29024,0.8241514,1.2077184,2.4029958
385,0.0,0.012215743,0.182077,0.14960364,-3.5172064,0.70544636,65.69225,0.0,0.005627987,164.82361,0.8174839,1.2496401,2.4880242
386,0.0,0.013843638,0.18172526,0.15586823,-3.52041,0.71966124,63.73603,0.0,0.006453003,163.49358,0.8142624,1.2113476,2.4097896
387,0.0,0.014407411,0.18083455,0.16578072,-3.521937,0.7127885,67.39867,0.0,0.006790768,162.85753,0.81932473,1.2435051,2.4734287
388,0.0,0.013836538,0.18060392,0.1584698,-3.5240035,0.6899254,66.64287,0.0,0.0065973476,163.86298,0.8173555,1.2557137,2.4982328
389,0.0,0.017052438,0.17967288,0.18177603,-3.5254183,0.68779993,72.21857,0.0,0.008363495,163.4761,0.82232827,1.2538254,2.490924
390,0.0,0.01911834,0.17965882,0.20794167,-3.5284872,0.69791013,86.561264,0.0,0.009726561,164.4662,0.8228931,1.2418873,2.4643216
391,0.0,0.016004294,0.17684628,0.17516458,-3.5320601,0.69152296,71.618034,0.0,0.007707555,164.58907,0.833353,1.2633193,2.5112236
392,0.0,0.012774436,0.17732382,0.15054688,-3.5356472,0.6924844,66.81293,0.0,0.005884584,166.6708,0.83355397,1.2903187,2.5688682
393,0.0,0.020886436,0.17815737,0.22123334,-3.5387883,0.68512833,89.48512,0.0,0.010702571,166.70818,0.830921,1.293648,2.5658908
394,0.0,0.016949367,0.17780644,0.17475937,-3.5405135,0.7027324,72.109695,0.0,0.008169839,166.18253,0.8292544,1.2294455,2.4425511
395,0.0,0.011687768,0.17775948,0.14368854,-3.540832,0.6947675,63.70101,0.0,0.0052535688,165.85005,0.82843316,1.240974,2.4714408
396,0.0,0.011478585,0.17746852,0.13253906,-3.543756,0.7072485,58.6026,0.0,0.0052834256,165.6814,0.8231926,1.1870183,2.3634696
397,0.0,0.015069791,0.17682743,0.17189635,-3.5465355,0.6912155,74.84619,0.0,0.007464806,164.64493,0.8295983,1.2609189,2.506908
398,0.0,0.012276169,0.17764775,0.14479949,-3.5492132,0.6811732,62.668068,0.0,0.005588879,165.91368,0.82361525,1.2796854,2.548193
399,0.0,0.021842116,0.17574501,0.22934896,-3.5523648,0.6882794,93.431656,0.0,0.011258116,164.73575,0.83632904,1.2821537,2.5417912
400,0.0,0.011961144,0.17663224,0.14825833,-3.55347,0.6810092,66.05104,0.0,0.0055003203,167.25932,0.82983553,1.2706281,2.5302558
401,0.0,0.02073559,0.17656536,0.19741407,-3.5574627,0.6936362,80.137924,0.0,0.010520947,165.96953,0.83224535,1.2578626,2.4946833
402,0.0,0.014788032,0.17534177,0.16671094,-3.559726,0.6786959,71.46688,0.0,0.007131433,166.45073,0.8339125,1.2999861,2.5857093
403,0.0,0.018889548,0.17441912,0.21049376,-3.5611272,0.6795431,89.45306,0.0,0.009590169,166.78624,0.83764505,1.2854228,2.5516653
404,0.0,0.021134559,0.17345238,0.2348547,-3.5624084,0.67483044,97.46266,0.0,0.0109961,167.5303,0.83892065,1.2798276,2.537663
405,0.0,0.011154187,0.17286438,0.13303179,-3.5643692,0.676682,60.50363,0.0,0.0050732745,167.78166,0.8364658,1.2643254,2.5185041
406,0.0,0.01511389,0.17224686,0.17421407,-3.569343,0.6650396,75.82324,0.0,0.007302463,167.30025,0.8435674,1.3179903,2.6213758
407,0.0,0.014345951,0.1742814,0.16688126,-3.57326,0.6871779,73.56443,0.0,0.0068782237,168.70317,0.833249,1.2602183,2.50668
408,0.0,0.013265732,0.17555325,0.15969376,-3.5770433,0.67412627,74.886505,0.0,0.006330012,166.64363,0.8270971,1.2536441,2.4946282
409,0.0,0.013704605,0.1764787,0.17230469,-3.5802464,0.68737924,80.51369,0.0,0.0065669753,165.41998,0.82764935,1.2281318,2.4431298
410,0.0,0.010453601,0.17611355,0.13248438,-3.5865774,0.7013124,62.88621,0.0,0.0044670184,165.5295,0.8272808,1.2048599,2.400786
411,0.0,0.018095877,0.17659308,0.17706978,-3.592213,0.6833903,77.973526,0.0,0.008915998,165.4596,0.8307396,1.279026,2.5402198
412,0.0,0.014666682,0.17561601,0.17031406,-3.5960584,0.68147784,76.80995,0.0,0.007030347,166.15247,0.8352848,1.2903719,2.5666833
413,0.0,0.018366585,0.17389713,0.19464895,-3.6001093,0.69867885,84.98144,0.0,0.009143779,167.06064,0.8389562,1.2646165,2.5109453
414,0.0,0.018304974,0.17395663,0.19288021,-3.6039724,0.67453456,78.9831,0.0,0.008967714,167.7919,0.8396186,1.3138285,2.6097217
415,0.0,0.01860061,0.17234977,0.20377344,-3.6063333,0.67492574,92.288445,0.0,0.009633467,167.92192,0.8378067,1.2992764,2.5792856
416,0.0,0.019276924,0.17206343,0.20423126,-3.6093493,0.6791297,90.42655,0.0,0.00997787,167.56148,0.83795273,1.3301085,2.6402614
417,0.0,0.010958141,0.17036851,0.13287084,-3.613991,0.67615414,60.936756,0.0,0.004590501,167.6042,0.85159975,1.2880553,2.5669298
418,0.0,0.015260195,0.1696419,0.17050833,-3.6176043,0.671937,75.749435,0.0,0.0072442354,170.31874,0.8503785,1.3328648,2.6512408
419,0.0,0.013973715,0.1690287,0.14889896,-3.6209922,0.6836653,67.15466,0.0,0.0064584576,170.07906,0.85372525,1.2930137,2.5731103
420,0.0,0.018744506,0.17055959,0.20726563,-3.6253614,0.68346107,92.80411,0.0,0.009711329,170.7381,0.8467684,1.3006476,2.5818725
421,0.0,0.011592733,0.17077418,0.13895729,-3.6278818,0.6800063,65.68336,0.0,0.005064918,169.35756,0.85065156,1.260381,2.510632
422,0.0,0.013966129,0.17169118,0.15967968,-3.6295595,0.68040395,75.5455,0.0,0.0066853873,170.12646,0.8467861,1.280452,2.5475333
423,0.0,0.013526234,0.17282712,0.16321042,-3.6312888,0.6880047,77.16475,0.0,0.00635494,169.3502,0.83978814,1.2684138,2.5241177
424,0.0,0.016895402,0.17253214,0.19054376,-3.6316848,0.68858254,86.01981,0.0,0.008244366,167.96556,0.84773505,1.263939,2.5113893
425,0.0,0.014881153,0.17226869,0.17047656,-3.6325116,0.68227154,80.710556,0.0,0.0070685437,169.53877,0.8394854,1.2634525,2.5127678
426,0.0,0.011939775,0.17114206,0.15115885,-3.63537,0.68263614,75.74578,0.0,0.005323694,167.90134,0.8437521,1.2673142,2.523981
427,0.0,0.015678037,0.17100342,0.18480313,-3.6398644,0.65870094,88.87612,0.0,0.0074619437,168.75392,0.8472618,1.3279836,2.6410432
428,0.0,0.0256961,0.17162041,0.24516824,-3.641734,0.66470206,103.57106,0.0,0.0130977,169.44783,0.8427393,1.3404038,2.654612
429,0.0,0.011781616,0.17176652,0.14418177,-3.6423547,0.6683302,69.13733,0.0,0.005506904,168.54997,0.8448461,1.3004037,2.5897937
430,0.0,0.011689039,0.17156957,0.14802136,-3.6434774,0.6614096,74.83364,0.0,0.0054329885,168.96754,0.8431676,1.2981492,2.5854325
431,0.0,0.014130419,0.17131706,0.17345728,-3.6469207,0.66816616,85.48974,0.0,0.0068754507,168.63524,0.84489846,1.2963576,2.5789642
432,0.0,0.012001809,0.17035891,0.15008333,-3.6509564,0.6753053,75.39523,0.0,0.0054894118,168.98097,0.846181,1.3050686,2.5991585
433,0.0,0.01683474,0.1708193,0.19025469,-3.6542149,0.6672888,86.46321,0.0,0.008177064,169.23384,0.84382176,1.3213555,2.6263568
434,0.0,0.02204273,0.17051917,0.21845053,-3.655884,0.6742463,98.91088,0.0,0.01132567,168.77126,0.850732,1.2574742,2.492297
435,0.0,0.011826397,0.17032021,0.14403489,-3.6600964,0.6749687,71.71655,0.0,0.005319652,170.14081,0.8451305,1.2869297,2.56322
436,0.0,0.011934796,0.16893642,0.13871093,-3.6647582,0.66305834,68.37305,0.0,0.0053178673,169.03227,0.851308,1.323568,2.6365004
437,0.0,0.012234133,0.16903509,0.14365104,-3.6686807,0.6467587,68.83681,0.0,0.0054234415,170.25879,0.84849364,1.3479114,2.6849759
438,0.0,0.01148741,0.16991144,0.13199845,-3.6736107,0.67742383,66.56201,0.0,0.005247071,169.69434,0.84408176,1.2910237,2.5715535
439,0.0,0.012013242,0.17059541,0.13685676,-3.6767287,0.6510104,66.945786,0.0,0.0052513457,168.81168,0.8394077,1.31732,2.6241374
440,0.0,0.01080212,0.16940647,0.13600625,-3.6808615,0.65377706,72.43259,0.0,0.004618492,167.89098,0.8488275,1.3057339,2.602231
441,0.0,0.012741858,0.17058338,0.1501323,-3.6848316,0.6746136,76.0892,0.0,0.005849963,169.75815,0.84149534,1.2875154,2.5633307
442,0.0,0.014849215,0.17111522,0.18021406,-3.689122,0.6760638,93.091805,0.0,0.0072065783,168.29732,0.8397603,1.2894012,2.5643892
443,0.0,0.015311861,0.17085385,0.17221875,-3.6914487,0.65185887,86.31149,0.0,0.007408373,167.9555,0.8431987,1.3204745,2.6261322
444,0.0,0.010255139,0.17132287,0.1265724,-3.6935802,0.6825385,67.3266,0.0,0.0041894484,168.63339,0.836841,1.2636893,2.5189996
445,0.0,0.01266685,0.16978633,0.15337709,-3.6974618,0.6667673,75.91855,0.0,0.006087158,167.37553,0.8441949,1.3100288,2.6078832
446,0.0,0.010003199,0.16954316,0.11945781,-3.7011518,0.67778504,61.554966,0.0,0.0044131605,168.8467,0.8519208,1.2884872,2.568148
447,0.0,0.013282789,0.16870655,0.15353489,-3.7053661,0.64175403,75.883606,0.0,0.0058272933,170.38208,0.84984136,1.3482387,2.6848228
448,0.0,0.012342289,0.1690311,0.14490157,-3.711512,0.6697794,74.13785,0.0,0.005670212,169.96452,0.8460829,1.3023953,2.5934503
449,0.0,0.011658892,0.16786174,0.13600521,-3.7142253,0.6782957,68.350876,0.0,0.005138864,169.22395,0.85345596,1.2835219,2.556766
450,0.0,0.013919514,0.16877736,0.16532707,-3.7155018,0.6765654,84.03958,0.0,0.00642469,170.68471,0.846979,1.3097512,2.606653
451,0.0,0.011520928,0.16695715,0.13361147,-3.7186143,0.6600187,69.747536,0.0,0.005316931,169.4092,0.8603783,1.342211,2.6737883
452,0.0,0.013720111,0.16633694,0.1624948,-3.7226129,0.7004218,82.723114,0.0,0.006325212,172.07181,0.85649717,1.2449595,2.4772687
453,0.0,0.01692322,0.16588359,0.17916822,-3.7259395,0.65062386,88.78641,0.0,0.008115908,171.29868,0.85575104,1.3608341,2.7054362
454,0.0,0.0202441,0.16580002,0.22376773,-3.7283735,0.6449213,108.718735,0.0,0.010315983,171.1502,0.855737,1.3949242,2.7692165
455,0.0,0.008814688,0.16592209,0.11012031,-3.7328434,0.67483795,60.49369,0.0,0.0035176966,171.14694,0.85527176,1.3054653,2.6038954
456,0.0,0.014790479,0.16404341,0.17774896,-3.7354603,0.65857244,92.11708,0.0,0.0068598893,171.06706,0.8679933,1.3410001,2.6682804
457,0.0,0.011865046,0.16344088,0.14440365,-3.7395992,0.6682918,77.685715,0.0,0.0053950204,173.59297,0.8622978,1.3477759,2.6847618
458,0.0,0.009601302,0.16335762,0.11846407,-3.7458224,0.6475352,67.66276,0.0,0.003938484,172.45723,0.8599831,1.3627925,2.7177079
459,0.0,0.011201201,0.16335778,0.14023906,-3.7501445,0.6535015,78.81442,0.0,0.004733714,172.00049,0.8638544,1.3494935,2.6895196
460,0.0,0.015041348,0.1622095,0.16848281,-3.7520747,0.66410345,90.51052,0.0,0.0072450195,172.7716,0.8645712,1.3473643,2.6802387
461,0.0,0.012908685,0.1611666,0.14940989,-3.7567155,0.64682764,77.319885,0.0,0.005948157,172.92339,0.87372595,1.3792744,2.7466524
462,0.0,0.011488858,0.16199374,0.13704531,-3.7595325,0.64475715,71.673874,0.0,0.0052035004,174.7337,0.86225224,1.3711812,2.7319558
463,0.0,0.011040535,0.16193889,0.13172917,-3.7615921,0.66746926,69.70266,0.0,0.0048818253,172.454,0.8658016,1.322302,2.6348405
464,0.0,0.009867031,0.16167694,0.12328438,-3.7656655,0.65361,68.474495,0.0,0.0039937687,173.16147,0.86693996,1.3600726,2.7121577
465,0.0,0.009012543,0.16174367,0.11509792,-3.76888,0.6572449,64.834946,0.0,0.0034615607,173.38513,0.8640754,1.3439177,2.6809125
466,0.0,0.010957055,0.1603089,0.12017917,-3.7710702,0.64498276,65.892624,0.0,0.0046585775,172.82245,0.8714612,1.3621035,2.7148898
467,0.0,0.01771204,0.15973611,0.17929584,-3.7739038,0.652428,92.1762,0.0,0.008705955,174.29527,0.87447524,1.3622534,2.707095
468,0.0,0.012421979,0.16072185,0.15248229,-3.778874,0.63922995,84.415375,0.0,0.0053430526,174.88904,0.86845547,1.3693951,2.728104
469,0.0,0.013053693,0.16100837,0.15441772,-3.780373,0.6588911,85.06062,0.0,0.0060221497,173.68257,0.8599315,1.3334508,2.6548572
470,0.0,0.013138378,0.16023438,0.16164687,-3.78107,0.63771677,90.320724,0.0,0.0059855944,171.99301,0.86664,1.3712778,2.7305844
471,0.0,0.018008873,0.1593846,0.1932849,-3.7831776,0.6397686,97.964424,0.0,0.00874331,173.33723,0.87587655,1.3671615,2.7168365
472,0.0,0.008235936,0.1609457,0.103007816,-3.785642,0.64837664,59.004738,0.0,0.0028940649,175.16386,0.864425,1.3110601,2.616332
473,0.0,0.012977653,0.1609478,0.15441981,-3.787042,0.63487524,85.1512,0.0,0.005758942,172.8833,0.8627379,1.3634355,2.715353
474,0.0,0.015853822,0.16083421,0.16933073,-3.7889428,0.63846016,90.45398,0.0,0.007568498,172.55054,0.8657,1.3536934,2.6922498
475,0.0,0.011512512,0.16199636,0.13563229,-3.791476,0.6277557,76.092545,0.0,0.005187181,173.13246,0.8581638,1.3680396,2.725705
476,0.0,0.010037683,0.16219674,0.1182974,-3.7949495,0.65386486,69.33243,0.0,0.004331168,171.6353,0.8607041,1.2893099,2.5699573
477,0.0,0.010363458,0.16120152,0.12427604,-3.7996209,0.625563,78.11723,0.0,0.004687663,172.14291,0.862815,1.3468716,2.6843681
478,0.0,0.012784449,0.16069347,0.15332657,-3.8040562,0.62675905,87.62878,0.0,0.005784251,172.5674,0.86720234,1.346668,2.681768
479,0.0,0.008774169,0.16204979,0.109336466,-3.8058312,0.6470436,65.09555,0.0,0.0034537832,173.4314,0.8581382,1.2871481,2.5673888
480,0.0,0.014661746,0.16135941,0.1464625,-3.8072226,0.6346046,78.88533,0.0,0.0070834486,171.62819,0.8586797,1.3363425,2.6585178
481,0.0,0.008394574,0.16161157,0.10508385,-3.809484,0.64346486,63.61915,0.0,0.003515177,171.7352,0.85792345,1.2992206,2.5914106
482,0.0,0.010490462,0.16189805,0.12956667,-3.812271,0.65147895,74.401825,0.0,0.0045546936,171.58293,0.8561503,1.3202105,2.6313114
483,0.0,0.01149193,0.16100226,0.13980521,-3.8154478,0.63311595,81.29208,0.0,0.005100141,171.23442,0.86050534,1.3362957,2.6623912
484,0.0,0.013064,0.16086258,0.15193282,-3.8181086,0.62979937,84.85724,0.0,0.006020328,172.1032,0.8626279,1.3576162,2.7031918
485,0.0,0.010633072,0.16040134,0.12874219,-3.8201957,0.6424236,76.02694,0.0,0.0047874786,172.52722,0.86425716,1.3334446,2.6573143
486,0.0,0.010208472,0.16117166,0.12348177,-3.8224554,0.640956,74.69899,0.0,0.004435394,172.84714,0.8599618,1.3424814,2.6760921
487,0.0,0.0066503854,0.16043018,0.08048959,-3.8251934,0.6214298,48.16436,0.0,0.0023158565,171.99701,0.86458707,1.3752923,2.745953
488,0.0,0.01182697,0.16185114,0.14270937,-3.827032,0.64670604,87.351395,0.0,0.0054927124,172.90945,0.85661876,1.3595703,2.708155
489,0.0,0.011119393,0.16107452,0.13285366,-3.8287742,0.643565,76.17357,0.0,0.0047934474,171.32889,0.86175936,1.3272328,2.6448786
490,0.0,0.008541003,0.1607704,0.109046355,-3.8307574,0.6414937,66.5128,0.0,0.0036122664,172.35246,0.8623505,1.3402414,2.6732585
491,0.0,0.013799983,0.16169967,0.16838178,-3.8332715,0.6543741,95.0674,0.0,0.006566671,172.46652,0.8587723,1.3435073,2.6738815
492,0.0,0.009394867,0.16110486,0.11641406,-3.8355045,0.64132553,72.01888,0.0,0.003773279,171.76033,0.8646338,1.3426193,2.677692
493,0.0,0.008649642,0.16158035,0.10925208,-3.8363519,0.6316533,70.68638,0.0,0.0034622594,172.92253,0.86041915,1.3650868,2.723249
494,0.0,0.0064099403,0.1622628,0.078767195,-3.8379176,0.63375604,53.626865,0.0,0.0023571495,172.08022,0.8567989,1.3375475,2.6703808
495,0.0,0.013410103,0.16289161,0.1527974,-3.8390737,0.6301763,88.40985,0.0,0.0061449837,171.3556,0.85260725,1.3553336,2.6983771
496,0.0,0.010679623,0.16203156,0.12899792,-3.841734,0.63652337,80.12595,0.0,0.004854587,170.5296,0.86074585,1.3179452,2.6261814
497,0.0,0.012063083,0.16262503,0.13521564,-3.8443384,0.627991,77.37779,0.0,0.0054566376,172.14093,0.8525229,1.3410928,2.6712723
498,0.0,0.006864815,0.16136956,0.08289948,-3.8465962,0.63058007,52.068672,0.0,0.0024755832,170.50974,0.85766315,1.3464231,2.6878953
499,0.0,0.008861354,0.16146536,0.108965114,-3.849003,0.63631845,66.798294,0.0,0.0037576945,171.53166,0.8567103,1.3221424,2.6367693
500,0.0,0.011098117,0.16195348,0.13263541,-3.8501554,0.6378304,78.80603,0.0,0.0051869764,171.34009,0.8547275,1.3345102,2.6586466
501,0.0,0.012143696,0.16165298,0.14899114,-3.852138,0.61958957,89.95301,0.0,0.0055560227,170.94843,0.8576738,1.3520205,2.6929293
502,0.0,0.007680242,0.15980388,0.099075526,-3.8544774,0.6083381,64.27193,0.0,0.0028062188,171.54095,0.8638627,1.3576024,2.7095923
503,0.0,0.010399541,0.16103102,0.13057084,-3.856514,0.6348689,80.694824,0.0,0.0046065273,172.76503,0.856369,1.3235409,2.637869
504,0.0,0.013373196,0.16127343,0.16406511,-3.8574963,0.6272644,97.92746,0.0,0.0062949457,171.27773,0.86028314,1.3587635,2.704937
505,0.0,0.008350193,0.16180043,0.106067196,-3.8592854,0.6411487,69.394905,0.0,0.0032899866,172.05316,0.856824,1.3260279,2.6454759
506,0.0,0.012199653,0.1622949,0.15264219,-3.8618674,0.6373633,94.99825,0.0,0.0058670063,171.36707,0.85912216,1.3462167,2.680699
507,0.0,0.010359207,0.16153459,0.12982032,-3.8641777,0.60743344,84.16441,0.0,0.004576686,171.83109,0.86576635,1.3774292,2.745705
508,0.0,0.010271797,0.16196734,0.12820156,-3.8671181,0.6341236,79.922485,0.0,0.004510711,173.14436,0.85685927,1.3221874,2.6353536
509,0.0,0.011685543,0.1624422,0.13901147,-3.8687944,0.6307277,87.070145,0.0,0.0051500206,171.3726,0.8576185,1.340399,2.6704984
510,0.0,0.007911628,0.16191778,0.09860209,-3.870472,0.6306325,64.57594,0.0,0.003011568,171.52245,0.85636955,1.3563135,2.706604
511,0.0,0.010180032,0.16106346,0.12294687,-3.8738537,0.62330604,76.107315,0.0,0.004451665,171.27435,0.8568052,1.3531872,2.6974711
512,0.0,0.009640278,0.15981944,0.11880573,-3.8752499,0.62790215,76.72761,0.0,0.0042125415,171.36499,0.86075497,1.3315822,2.6547394
513,0.0,0.0113957,0.15979941,0.13900574,-3.8767495,0.6224586,89.52958,0.0,0.005105733,172.15717,0.8669242,1.3484095,2.6866074
514,0.0,0.010417882,0.15981497,0.1294901,-3.8789163,0.62033844,78.33659,0.0,0.004389751,173.3836,0.86568826,1.3645065,2.7202332
515,0.0,0.012530848,0.16011958,0.13384064,-3.8817046,0.61576176,80.75765,0.0,0.0059340894,173.13326,0.8612757,1.3681958,2.7245235
516,0.0,0.012171548,0.15929328,0.15000625,-3.8832645,0.6298869,91.09949,0.0,0.005624314,172.25702,0.86316824,1.3590968,2.706945
517,0.0,0.0093589965,0.15917341,0.11386719,-3.8844335,0.63193905,73.32465,0.0,0.003979466,172.63614,0.86566776,1.3473072,2.6866555
518,0.0,0.0068081426,0.1595442,0.08575104,-3.887169,0.62560534,58.9516,0.0,0.0023601842,173.13547,0.8675982,1.3384356,2.672151
519,0.0,0.009517815,0.16029061,0.121649995,-3.8901434,0.5997366,81.65074,0.0,0.0039771963,173.5101,0.8580792,1.4110425,2.8141305
520,0.0,0.01552408,0.15895796,0.18576717,-3.8920364,0.6205551,111.36919,0.0,0.0075281067,171.62857,0.8708083,1.3543475,2.6936388
521,0.0,0.0113511775,0.16025724,0.1406427,-3.8943357,0.6338923,88.8461,0.0,0.005200911,174.1462,0.8553733,1.3331056,2.6558094
522,0.0,0.014235932,0.15923792,0.175475,-3.8960516,0.6068796,111.39459,0.0,0.006650106,171.0837,0.86442614,1.3896666,2.7660327
523,0.0,0.0072526317,0.16053014,0.08920052,-3.8972716,0.63016915,60.418617,0.0,0.0027894205,172.88116,0.86038023,1.3676319,2.7296848
524,0.0,0.009303609,0.16038615,0.10897396,-3.899394,0.61315703,65.33312,0.0,0.0035893545,172.07907,0.86340237,1.3758008,2.744423
525,0.0,0.009842038,0.16009901,0.12043698,-3.9016156,0.6190784,77.80315,0.0,0.0041991677,172.6826,0.86552835,1.35875,2.7091017
526,0.0,0.0063074008,0.16009158,0.07740625,-3.9057884,0.6256386,52.86452,0.0,0.0021869452,173.10364,0.86348724,1.3704041,2.7364345
527,0.0,0.012204579,0.1605211,0.13518855,-3.9097393,0.6170089,86.36444,0.0,0.00556855,172.697,0.86304927,1.3717321,2.732327
528,0.0,0.0091020325,0.16052164,0.11426511,-3.912279,0.625779,78.51809,0.0,0.0036855228,172.6104,0.8635998,1.3547349,2.7020988
529,0.0,0.008271582,0.16021831,0.10167968,-3.9144082,0.610662,70.56244,0.0,0.003359173,172.72343,0.86709285,1.368189,2.7296596
530,0.0,0.011621845,0.16094553,0.14242241,-3.9147913,0.62989295,93.22962,0.0,0.0053048003,173.41377,0.86229944,1.3446603,2.678711
531,0.0,0.01052844,0.16095684,0.13778698,-3.9162078,0.63074803,91.21043,0.0,0.0045386357,172.46172,0.86413556,1.3558491,2.702621
532,0.0,0.012761388,0.16062094,0.15242657,-3.9184475,0.63228524,97.74682,0.0,0.005718967,172.83098,0.86801976,1.3566726,2.7019074
533,0.0,0.007635911,0.16087703,0.096755214,-3.9205987,0.6405784,67.863686,0.0,0.003016741,173.602,0.86608577,1.3352334,2.6644332
534,0.0,0.013788754,0.16090444,0.15492553,-3.922123,0.61886966,95.07657,0.0,0.006297687,173.21379,0.8627202,1.3795497,2.746504
535,0.0,0.01076363,0.16075042,0.13179843,-3.9233232,0.6411661,89.20993,0.0,0.0048710727,172.54271,0.8613874,1.3314393,2.6531363
536,0.0,0.01101343,0.16081578,0.13609636,-3.9242685,0.61170626,88.35385,0.0,0.005044006,172.2768,0.86071396,1.3880908,2.7660937
537,0.0,0.0113389995,0.1614817,0.1368849,-3.9255505,0.6217121,91.79535,0.0,0.00502987,172.1401,0.8580236,1.3724657,2.7348714
538,0.0,0.009007326,0.16006184,0.11297552,-3.9284568,0.6155379,77.215225,0.0,0.0036202266,171.61302,0.86633945,1.3736292,2.740018
539,0.0,0.01370035,0.16105588,0.15616354,-3.930365,0.63462627,100.564514,0.0,0.0063580647,173.26306,0.86150146,1.3445686,2.6764212
540,0.0,0.0073488094,0.16133554,0.091227084,-3.931429,0.64237946,65.42234,0.0,0.0027770288,172.29927,0.86048055,1.3401647,2.6747754
541,0.0,0.0069046263,0.16141415,0.08251198,-3.9334722,0.6266512,55.89826,0.0,0.0026664278,172.09528,0.8596487,1.3619255,2.7185183
542,0.0,0.009214067,0.16135016,0.115125,-3.9357882,0.6444988,80.80579,0.0,0.0040203417,171.93134,0.86123896,1.3239541,2.6398675
543,0.0,0.0093663195,0.16166635,0.11649792,-3.937906,0.6483562,81.93532,0.0,0.0039220224,172.24648,0.85991263,1.307596,2.607348
544,0.0,0.009098418,0.16139503,0.11008282,-3.9394827,0.6207104,73.00878,0.0,0.0035765488,171.9863,0.8636945,1.3639803,2.7208076
545,0.0,0.0055010067,0.1623696,0.06724115,-3.9412436,0.6350708,52.62468,0.0,0.001795337,172.73387,0.8586962,1.3140996,2.6246085
546,0.0,0.0089060785,0.16268057,0.112584375,-3.9425523,0.6160125,80.97365,0.0,0.0036306875,171.74094,0.8603665,1.3661628,2.725064
547,0.0,0.0079587,0.16217895,0.09909375,-3.9448876,0.6348705,71.68195,0.0,0.0032236853,172.07417,0.86123127,1.328858,2.6512685
548,0.0,0.008779397,0.1627369,0.10958177,-3.9472914,0.6268332,78.385635,0.0,0.0036086785,172.24026,0.8552654,1.3537292,2.700241
549,0.0,0.0076113213,0.16212015,0.09678646,-3.9491515,0.6267853,70.32006,0.0,0.0030220863,171.05861,0.86079097,1.349545,2.6930456
550,0.0,0.005849728,0.16131914,0.06971094,-3.9511564,0.61845195,51.72766,0.0,0.0018773112,172.1608,0.86341995,1.3757105,2.7476664
551,0.0,0.010392294,0.16243477,0.13018802,-3.952971,0.62660253,92.63733,0.0,0.0045470046,172.67484,0.85428363,1.3775115,2.745929
552,0.0,0.008494783,0.16256599,0.09963489,-3.9547029,0.63201255,69.71994,0.0,0.0034451205,170.8573,0.85486734,1.3508682,2.6948462
553,0.0,0.0061479066,0.16144852,0.0769974,-3.9561377,0.6189739,61.62095,0.0,0.0020765658,170.98514,0.8665315,1.368856,2.733559
554,0.0,0.00676021,0.16142942,0.0837349,-3.956987,0.6483018,57.272537,0.0,0.0023248212,173.30345,0.86367756,1.2887919,2.5729342
555,0.0,0.007884383,0.16151656,0.10138281,-3.9587977,0.63304234,75.572754,0.0,0.0030687673,172.73207,0.86023235,1.3560538,2.70597
556,0.0,0.009391381,0.16172041,0.11561302,-3.9600902,0.6313386,83.58121,0.0,0.0041103377,172.05162,0.86538035,1.3537488,2.699277
557,0.0,0.005995344,0.16341227,0.07545,-3.9609108,0.64098966,58.355133,0.0,0.0019452712,173.06288,0.85219586,1.3279767,2.652063
558,0.0,0.0062934635,0.16306211,0.07765886,-3.9622645,0.63712806,60.72604,0.0,0.002201641,170.4455,0.85852504,1.3409331,2.6774628
559,0.0,0.006744449,0.1630435,0.08047135,-3.9644005,0.6425355,59.011986,0.0,0.0024300097,171.70715,0.86067104,1.3314462,2.6580324
560,0.0,0.00860049,0.1632001,0.11094323,-3.9664364,0.63718665,81.6341,0.0,0.0033852924,172.1303,0.85677004,1.3544483,2.7021265
561,0.0,0.006598666,0.16276056,0.08008333,-3.9677348,0.6349295,61.32539,0.0,0.002241588,171.35896,0.86172265,1.3412635,2.678044
562,0.0,0.007837793,0.16389655,0.09738281,-3.9686875,0.6450605,76.03413,0.0,0.0032338107,172.33827,0.8554368,1.3399174,2.673367
563,0.0,0.008065455,0.16369393,0.09769167,-3.9710355,0.64838064,72.43317,0.0,0.0032988014,171.09657,0.8646564,1.3191577,2.6317177
564,0.0,0.010216061,0.16548206,0.12929063,-3.972732,0.64639145,94.28228,0.0,0.004438986,172.91797,0.8513535,1.329869,2.6508598
565,0.0,0.00873512,0.166032,0.10980677,-3.973723,0.6524332,79.47609,0.0,0.0036647348,170.26936,0.85001636,1.3190598,2.6307902
566,0.0,0.006619391,0.16505377,0.07993229,-3.9755147,0.63794875,65.1304,0.0,0.0024641156,170.00664,0.8533829,1.3324203,2.6599123
567,0.0,0.0063209813,0.16617584,0.080405205,-3.977233,0.6521322,64.291046,0.0,0.002185503,170.67369,0.8505002,1.3124843,2.6205976
568,0.0,0.008434333,0.16627459,0.106001556,-3.97902,0.6549927,78.396965,0.0,0.003326401,170.10373,0.8542012,1.3198241,2.6329951
569,0.0,0.0058976696,0.16636147,0.07245,-3.9806848,0.63906777,61.512688,0.0,0.0019469286,170.83566,0.84962356,1.3431001,2.6823063
570,0.0,0.0056936275,0.16688746,0.07050729,-3.9818726,0.6554937,56.140858,0.0,0.0018332121,169.92627,0.85116756,1.330233,2.6567998
571,0.0,0.005922019,0.16630363,0.07362292,-3.9836662,0.63542247,58.35621,0.0,0.0020943033,170.23297,0.85060155,1.3629605,2.7217326
572,0.0,0.0063036624,0.16734667,0.08046562,-3.9859092,0.6439564,65.91787,0.0,0.00222091,170.11446,0.8447483,1.3347884,2.665135
573,0.0,0.0044611227,0.16675027,0.052725524,-3.9877243,0.64703864,48.244587,0.0,0.001301215,168.95464,0.8497201,1.3296726,2.6567426
574,0.0,0.0068382053,0.16742347,0.08916041,-3.9888852,0.64944327,72.54602,0.0,0.0022959262,169.93713,0.8428256,1.3198833,2.635175
575,0.0,0.004399115,0.16795915,0.05231771,-3.9898636,0.6622485,47.400635,0.0,0.0013552398,168.56874,0.8464479,1.3193351,2.6359599
576,0.0,0.0060667465,0.16760089,0.0773125,-3.99194,0.6599413,63.83477,0.0,0.0019991118,169.29156,0.8484382,1.3149362,2.625874
577,0.0,0.0067885728,0.16676736,0.08526251,-3.9941154,0.6477686,68.05658,0.0,0.0026448602,169.69043,0.85122514,1.3242021,2.643114
578,0.0,0.0049276324,0.16741149,0.059703648,-3.9963093,0.65331006,51.5745,0.0,0.0014747622,170.24313,0.8493227,1.3421541,2.6813588
579,0.0,0.0066829706,0.16731133,0.083268225,-3.9970582,0.6574967,66.91857,0.0,0.0023939346,169.86636,0.8511612,1.3389809,2.673174
580,0.0,0.0056584105,0.16678469,0.07022239,-3.9978065,0.65330744,58.100815,0.0,0.0017301802,170.2356,0.85451436,1.339042,2.6746235
581,0.0,0.0067412807,0.1659743,0.08580886,-3.9986844,0.6523684,66.98935,0.0,0.0023200624,170.90717,0.8587969,1.3318489,2.6590574
582,0.0,0.0050258813,0.16699497,0.06175469,-3.9993072,0.655691,53.2075,0.0,0.0014769324,171.75047,0.84988153,1.3470509,2.6911478
583,0.0,0.0055036778,0.16607271,0.06864115,-4.000466,0.6482794,58.99781,0.0,0.0019325118,169.98148,0.85503983,1.339082,2.6742988
584,0.0,0.007405876,0.16625308,0.09537136,-4.0013666,0.64380336,77.796875,0.0,0.002895803,171.00797,0.85504764,1.3659847,2.7261777
585,0.0,0.0057656025,0.16559495,0.06961823,-4.0021725,0.6648897,60.50016,0.0,0.0019393463,171.00546,0.85098433,1.3095274,2.615176
586,0.0,0.0044205403,0.16568822,0.051752605,-4.0038037,0.6624701,48.866386,0.0,0.0012451438,170.19852,0.8526342,1.3002796,2.598069
587,0.0,0.0060190274,0.16541742,0.07838646,-4.0049505,0.65355045,65.97815,0.0,0.0019787464,170.52853,0.8543229,1.3422945,2.6806316
588,0.0,0.007357694,0.16532876,0.09513751,-4.0057316,0.64396423,79.07232,0.0,0.0029719037,170.86723,0.8569665,1.3497041,2.6934643
589,0.0,0.004619821,0.16546424,0.05402656,-4.0071115,0.634109,45.264473,0.0,0.0012209038,171.39217,0.85583985,1.3912148,2.7799878
590,0.0,0.0050550867,0.16502531,0.06098698,-4.0079513,0.645792,53.605576,0.0,0.0013938372,171.17227,0.8601582,1.3456279,2.6884682
591,0.0,0.0073869415,0.1651188,0.09471354,-4.0086813,0.65730405,75.2732,0.0,0.0026980867,172.03091,0.8594334,1.3156035,2.6258109
592,0.0,0.0038875192,0.1655974,0.0446375,-4.0096064,0.6389065,45.27535,0.0,0.0011388722,171.88579,0.85853654,1.3628883,2.723499
593,0.0,0.004749736,0.16558674,0.0585474,-4.0110445,0.6435256,54.443947,0.0,0.0014882556,171.70393,0.8551759,1.3565991,2.7102218
594,0.0,0.0040710354,0.16457064,0.047739584,-4.012043,0.65412194,43.62063,0.0,0.0009982879,171.04501,0.86500776,1.3259237,2.6498508
595,0.0,0.0043650866,0.16501002,0.05150052,-4.013159,0.658429,49.462288,0.0,0.0010942842,172.99701,0.8604604,1.319129,2.6360693
596,0.0,0.0049057193,0.16497383,0.05917083,-4.0143747,0.66182077,53.199257,0.0,0.0015070767,172.0888,0.85718524,1.2977061,2.5923982
597,0.0,0.004750561,0.1650508,0.05727448,-4.0153112,0.6339846,51.24225,0.0,0.0013005994,171.4416,0.86175483,1.3746877,2.7467742
598,0.0,0.0037282067,0.16595957,0.04206042,-4.016174,0.6496326,44.802483,0.0,0.0010268777,172.3426,0.8533898,1.3379722,2.6738906
599,0.0,0.0049008597,0.16597538,0.060590103,-4.0169706,0.6594372,56.45978,0.0,0.0014862015,170.67796,0.8534201,1.3357288,2.6684852
600,0.0,0.004400582,0.16501889,0.05206094,-4.017436,0.6610372,49.17773,0.0,0.0012954035,170.69484,0.86424285,1.3035225,2.604454
601,0.0,0.004935574,0.16637644,0.05872344,-4.0182667,0.6463991,55.142612,0.0,0.0013947746,172.8352,0.85084987,1.3452656,2.6877418
602,0.0,0.003912434,0.16692086,0.043686457,-4.019517,0.66321254,45.505783,0.0,0.00093976746,170.16597,0.8468572,1.2918675,2.5818553
603,0.0,0.004207383,0.1663977,0.048304684,-4.0203342,0.65418017,48.84877,0.0,0.0010227659,169.37967,0.85509026,1.2990692,2.596093
604,0.0,0.0042182505,0.1669419,0.050128646,-4.021246,0.65662956,48.258316,0.0,0.0011097162,171.01256,0.8496085,1.2970569,2.5918944
605,0.0,0.004290606,0.16737835,0.04994427,-4.022254,0.6613828,48.09568,0.0,0.0010809372,169.92163,0.84955823,1.3097047,2.6172476
606,0.0,0.003046061,0.16776328,0.03131094,-4.0230646,0.6668954,35.310394,0.0,0.0005655994,169.91237,0.8502746,1.3184148,2.6356983
607,0.0,0.00366794,0.16703634,0.040413022,-4.024137,0.65305877,43.197823,0.0,0.00091054733,170.0587,0.854069,1.335787,2.6697528
608,0.0,0.005196462,0.16686179,0.06352761,-4.024859,0.6625855,58.23876,0.0,0.0017157497,170.81233,0.85259026,1.2928085,2.5821857
609,0.0,0.0023749566,0.16663893,0.02168177,-4.025159,0.65309393,29.28661,0.0,0.00037966348,170.52104,0.85556227,1.3211168,2.6414742
610,0.0,0.004299917,0.16810851,0.05119115,-4.0259275,0.6663187,50.562027,0.0,0.001151733,171.1008,0.84392697,1.3033931,2.604483
611,0.0,0.003222043,0.16815548,0.034454167,-4.02621,0.6630807,38.27629,0.0,0.00070940686,168.78976,0.84829855,1.305439,2.6094592
612,0.0,0.0027610166,0.16797008,0.027603125,-4.0266504,0.6713586,35.427155,0.0,0.00064636837,169.66284,0.85140866,1.3003175,2.5993423
613,0.0,0.0030452572,0.16873835,0.03105521,-4.027249,0.67629147,36.671013,0.0,0.0006880411,170.27484,0.8445199,1.2922828,2.5831895
614,0.0,0.003163437,0.16784984,0.0334849,-4.027685,0.64254326,36.856617,0.0,0.00056103856,168.9102,0.8507482,1.3679237,2.7347252
615,0.0,0.0030617905,0.167755,0.030996354,-4.028463,0.65338194,37.917854,0.0,0.0006692291,170.14865,0.8497552,1.3262894,2.6512403
616,0.0,0.0032991343,0.16745155,0.034781773,-4.0292373,0.64554834,38.653343,0.0,0.0004947582,169.95403,0.8527399,1.354836,2.7086825
617,0.0,0.002924974,0.16798942,0.027841669,-4.030103,0.66342694,36.010284,0.0,0.0005593202,170.54251,0.8472931,1.2996924,2.5982661
618,0.0,0.0030515576,0.16829169,0.03108698,-4.0310087,0.6593473,38.26302,0.0,0.0006222055,169.45883,0.8475021,1.3104266,2.6196086
619,0.0,0.0031357917,0.16826141,0.033147395,-4.0315943,0.6706573,40.466026,0.0,0.00064728456,169.49892,0.8459915,1.2936646,2.5860348
620,0.0,0.003073869,0.16758288,0.030195834,-4.0317163,0.6575919,36.939964,0.0,0.0004428327,169.20486,0.8525711,1.3305824,2.660279
621,0.0,0.002442095,0.16758019,0.022658333,-4.0320196,0.67905384,28.561651,0.0,0.00040193924,170.51443,0.852772,1.2645781,2.5283523
622,0.0,0.0023668606,0.16839999,0.019787502,-4.0325375,0.6470883,25.610847,0.0,0.00028412376,170.547,0.8453712,1.3773024,2.7540364
623,0.0,0.0025070978,0.1674416,0.02345677,-4.0328526,0.65430564,31.238317,0.0,0.00042287083,169.07925,0.85038096,1.3374435,2.6740413
624,0.0,0.002906947,0.16804703,0.029402606,-4.03323,0.6745523,37.68874,0.0,0.000506061,170.0712,0.84541893,1.2812796,2.5615473
625,0.0,0.0018039389,0.1667778,0.012501041,-4.03356,0.66091305,21.774054,0.0,0.00011351735,169.09314,0.85477847,1.3217189,2.643211
626,0.0,0.001945883,0.16824265,0.013763541,-4.0338306,0.65794396,22.368584,0.0,0.000196138,170.94434,0.8434236,1.3330718,2.6657517
627,0.0,0.0018528219,0.16706717,0.012191147,-4.0339603,0.664345,23.578674,0.0,0.00012415509,168.69153,0.85024405,1.3271506,2.6540527
628,0.0,0.0016647864,0.16673814,0.008859896,-4.034091,0.6588891,22.203283,0.0,9.818635e-05,170.05214,0.853565,1.3100572,2.619918
629,0.0,0.0017420147,0.16673112,0.012121355,-4.034359,0.66041404,24.709631,0.0,0.00017872112,170.71185,0.85242546,1.3106254,2.6208935
630,0.0,0.0015490423,0.1674338,0.008249479,-4.0345497,0.6680337,20.632488,0.0,0.00015564417,170.48137,0.8487104,1.2971134,2.5939155
631,0.0,0.0016749889,0.16627,0.0086739585,-4.034804,0.6577866,21.34702,0.0,5.8386573e-05,169.75446,0.86109275,1.313377,2.6266372
632,0.0,0.0020043824,0.1675183,0.014809896,-4.035099,0.66167843,27.282064,0.0,0.00018538846,172.2074,0.84995615,1.328857,2.6573431
633,0.0,0.0013379273,0.16755462,0.0061093755,-4.0353603,0.66975516,17.489714,0.0,-8.1122445e-05,169.98982,0.84853935,1.2963245,2.592811
634,0.0,0.0011534439,0.16685753,0.0028395834,-4.035475,0.65322554,18.103424,0.0,5.157815e-05,169.71405,0.85472125,1.3465655,2.6930277
635,0.0,0.0016109099,0.16750418,0.0064765625,-4.0354776,0.6615126,19.415028,0.0,-0.00016858955,170.94319,0.85366607,1.3266586,2.6536546
636,0.0,0.0012612393,0.16725379,0.00406875,-4.0355325,0.6663684,17.28463,0.0,-0.000101285856,170.73317,0.8535986,1.3018587,2.6039197
637,0.0,0.0010192625,0.16743231,0.0015395833,-4.0355635,0.6465225,18.098152,0.0,-1.7709599e-05,170.71843,0.8523145,1.3468546,2.6937447
638,0.0,0.000796724,0.16749632,0.0013177083,-4.0356007,0.6538112,16.966274,0.0,-4.212805e-05,170.46259,0.85200053,1.3115925,2.623269
639,0.0,0.0010138194,0.16714205,0.0012265625,-4.03563,0.65558326,16.701534,0.0,-6.509155e-05,170.40085,0.8527548,1.3141651,2.6284604
